indice,voltaje,label
0,0.0,extension
1,0.0,extension
2,0.0,extension
3,0.0,extension
4,0.0,extension
5,0.0,extension
6,0.0,extension
7,0.0,extension
8,0.0,extension
9,0.0,extension
10,0.0,extension
11,0.0,extension
12,0.0,extension
13,0.0,extension
14,0.0,extension
15,0.0,extension
16,0.0,extension
17,0.0,extension
18,0.0,extension
19,0.0,extension
20,0.0,extension
21,0.0,extension
22,0.0,extension
23,0.0,extension
24,0.0,extension
25,0.0,extension
26,0.0,extension
27,0.0,extension
28,0.0,extension
29,0.0,extension
30,0.0,extension
31,0.0,extension
32,0.0,extension
33,0.0,extension
34,0.0,extension
35,0.0,extension
36,0.0,extension
37,0.0,extension
38,0.0,extension
39,0.0,extension
40,0.0,extension
41,0.0,extension
42,0.0,extension
43,0.0,extension
44,0.0,extension
45,0.0,extension
46,0.0,extension
47,0.0,extension
48,0.0,extension
49,0.0,extension
50,0.0,extension
51,0.0,extension
52,0.0,extension
53,0.0,extension
54,0.0,extension
55,0.0,extension
56,0.0,extension
57,0.0,extension
58,0.0,extension
59,0.0,extension
60,0.0,extension
61,0.0,extension
62,0.0,extension
63,0.0,extension
64,0.0,extension
65,0.0,extension
66,0.0,extension
67,0.0,extension
68,0.0,extension
69,0.0,extension
70,0.0,extension
71,0.0,extension
72,0.0,extension
73,0.0,extension
74,0.0,extension
75,0.0,extension
76,0.0,extension
77,0.0,extension
78,0.0,extension
79,0.0,extension
80,0.0,extension
81,0.0,extension
82,0.0,extension
83,0.0,extension
84,0.0,extension
85,0.0,extension
86,0.0,extension
87,0.0,extension
88,0.0,extension
89,0.0,extension
90,0.0,extension
91,0.0,extension
92,0.0,extension
93,0.0,extension
94,0.0,extension
95,0.0,extension
96,0.0,extension
97,0.0,extension
98,0.0,extension
99,0.0,extension
100,0.0,extension
101,0.0,extension
102,0.0,extension
103,0.0,extension
104,0.0,extension
105,0.0,extension
106,0.0,extension
107,0.0,extension
108,0.0,extension
109,0.0,extension
110,0.0,extension
111,0.0,extension
112,0.0,extension
113,0.0,extension
114,0.0,extension
115,0.0,extension
116,0.0,extension
117,0.0,extension
118,0.0,extension
119,0.0,extension
120,0.0,extension
121,0.0,extension
122,0.0,extension
123,0.0,extension
124,0.0,extension
125,0.0,extension
126,0.0,extension
127,0.0,extension
128,0.0,extension
129,0.0,extension
130,0.0,extension
131,0.0,extension
132,0.0,extension
133,0.0,extension
134,0.0,extension
135,0.0,extension
136,0.0,extension
137,0.0,extension
138,0.0,extension
139,0.0,extension
140,0.0,extension
141,0.0,extension
142,0.0,extension
143,0.0,extension
144,0.0,extension
145,0.0,extension
146,0.0,extension
147,0.0,extension
148,0.0,extension
149,0.0,extension
150,0.0,extension
151,0.0,extension
152,0.0,extension
153,0.0,extension
154,0.0,extension
155,0.0,extension
156,0.0,extension
157,0.0,extension
158,0.0,extension
159,0.0,extension
160,0.0,extension
161,0.0,extension
162,0.0,extension
163,0.0,extension
164,0.0,extension
165,0.0,extension
166,0.0,extension
167,0.0,extension
168,0.0,extension
169,0.0,extension
170,0.0,extension
171,0.0,extension
172,0.0,extension
173,0.0,extension
174,0.0,extension
175,0.0,extension
176,0.0,extension
177,0.0,extension
178,0.0,extension
179,0.0,extension
180,0.0,extension
181,0.0,extension
182,0.0,extension
183,0.0,extension
184,0.0,extension
185,0.0,extension
186,0.0,extension
187,0.0,extension
188,0.0,extension
189,0.0,extension
190,0.0,extension
191,0.0,extension
192,0.0,extension
193,0.0,extension
194,0.0,extension
195,0.0,extension
196,0.0,extension
197,0.0,extension
198,0.0,extension
199,0.0,extension
200,0.0,extension
201,0.0,extension
202,0.0,extension
203,0.0,extension
204,0.0,extension
205,0.0,extension
206,0.0,extension
207,0.0,extension
208,0.0,extension
209,0.0,extension
210,0.0,extension
211,0.0,extension
212,0.0,extension
213,0.0,extension
214,0.0,extension
215,0.0,extension
216,0.0,extension
217,0.0,extension
218,0.0,extension
219,0.0,extension
220,0.0,extension
221,0.0,extension
222,0.0,extension
223,0.0,extension
224,0.0,extension
225,0.0,extension
226,0.0,extension
227,0.0,extension
228,0.0,extension
229,0.0,extension
230,0.0,extension
231,0.0,extension
232,0.0,extension
233,0.0,extension
234,0.0,extension
235,0.0,extension
236,0.0,extension
237,0.0,extension
238,0.0,extension
239,0.0,extension
240,0.0,extension
241,0.0,extension
242,0.0,extension
243,0.0,extension
244,0.0,extension
245,0.0,extension
246,0.0,extension
247,0.0,extension
248,0.0,extension
249,0.0,extension
250,0.0,extension
251,0.0,extension
252,0.0,extension
253,0.0,extension
254,0.0,extension
255,0.0,extension
256,0.0,extension
257,0.0,extension
258,0.0,extension
259,0.0,extension
260,0.0,extension
261,0.0,extension
262,0.0,extension
263,0.0,extension
264,0.0,extension
265,0.0,extension
266,0.0,extension
267,0.0,extension
268,0.0,extension
269,0.0,extension
270,0.0,extension
271,0.0,extension
272,0.0,extension
273,0.0,extension
274,0.0,extension
275,0.0,extension
276,0.0,extension
277,0.0,extension
278,0.0,extension
279,0.0,extension
280,0.0,extension
281,0.0,extension
282,0.0,extension
283,0.0,extension
284,0.0,extension
285,0.0,extension
286,0.0,extension
287,0.0,extension
288,0.0,extension
289,0.0,extension
290,0.0,extension
291,0.0,extension
292,0.0,extension
293,0.0,extension
294,0.0,extension
295,0.0,extension
296,0.0,extension
297,0.0,extension
298,0.0,extension
299,0.0,extension
300,0.0,extension
301,0.0,extension
302,0.0,extension
303,0.0,extension
304,0.0,extension
305,0.0,extension
306,0.0,extension
307,0.0,extension
308,0.0,extension
309,0.0,extension
310,0.0,extension
311,0.0,extension
312,0.0,extension
313,0.0,extension
314,0.0,extension
315,0.0,extension
316,0.0,extension
317,0.0,extension
318,0.0,extension
319,0.0,extension
320,0.0,extension
321,0.0,extension
322,0.0,extension
323,0.0,extension
324,0.0,extension
325,0.0,extension
326,0.0,extension
327,0.0,extension
328,0.0,extension
329,0.0,extension
330,0.0,extension
331,0.0,extension
332,0.0,extension
333,0.0,extension
334,0.0,extension
335,0.0,extension
336,0.0,extension
337,0.0,extension
338,0.0,extension
339,0.0,extension
340,0.0,extension
341,0.0,extension
342,0.0,extension
343,0.0,extension
344,0.0,extension
345,0.0,extension
346,0.0,extension
347,0.0,extension
348,0.0,extension
349,0.0,extension
350,0.0,extension
351,0.0,extension
352,0.0,extension
353,0.0,extension
354,0.0,extension
355,0.0,extension
356,0.0,extension
357,0.0,extension
358,0.0,extension
359,0.0,extension
360,0.0,extension
361,0.0,extension
362,0.0,extension
363,0.0,extension
364,0.0,extension
365,0.0,extension
366,0.0,extension
367,0.0,extension
368,0.0,extension
369,0.0,extension
370,0.0,extension
371,0.0,extension
372,0.0,extension
373,0.0,extension
374,0.0,extension
375,0.0,extension
376,0.0,extension
377,0.0,extension
378,0.0,extension
379,0.0,extension
380,0.0,extension
381,0.0,extension
382,0.0,extension
383,0.0,extension
384,0.0,extension
385,0.0,extension
386,0.0,extension
387,0.0,extension
388,0.0,extension
389,0.0,extension
390,0.0,extension
391,0.0,extension
392,0.0,extension
393,0.0,extension
394,0.0,extension
395,0.0,extension
396,0.0,extension
397,0.0,extension
398,0.0,extension
399,0.0,extension
400,0.0,extension
401,0.0,extension
402,0.0,extension
403,0.0,extension
404,0.0,extension
405,0.0,extension
406,0.0,extension
407,0.0,extension
408,0.0,extension
409,0.0,extension
410,0.0,extension
411,0.0,extension
412,0.0,extension
413,0.0,extension
414,0.0,extension
415,0.0,extension
416,0.0,extension
417,0.0,extension
418,0.0,extension
419,0.0,extension
420,0.0,extension
421,0.0,extension
422,0.0,extension
423,0.0,extension
424,0.0,extension
425,0.0,extension
426,0.0,extension
427,0.0,extension
428,0.0,extension
429,0.0,extension
430,0.0,extension
431,0.0,extension
432,0.0,extension
433,0.0,extension
434,0.0,extension
435,0.0,extension
436,0.0,extension
437,0.0,extension
438,0.0,extension
439,0.0,extension
440,0.0,extension
441,0.0,extension
442,0.0,extension
443,0.0,extension
444,0.0,extension
445,0.0,extension
446,0.0,extension
447,0.0,extension
448,0.0,extension
449,0.0,extension
450,0.0,extension
451,0.0,extension
452,0.0,extension
453,0.0,extension
454,0.0,extension
455,0.0,extension
456,0.0,extension
457,0.0,extension
458,0.0,extension
459,0.0,extension
460,0.0,extension
461,0.0,extension
462,0.0,extension
463,0.0,extension
464,0.0,extension
465,0.0,extension
466,0.0,extension
467,0.0,extension
468,0.0,extension
469,0.0,extension
470,0.0,extension
471,0.0,extension
472,0.0,extension
473,0.0,extension
474,0.0,extension
475,0.0,extension
476,0.0,extension
477,0.0,extension
478,0.0,extension
479,0.0,extension
480,0.0,extension
481,0.0,extension
482,0.0,extension
483,0.0,extension
484,0.0,extension
485,0.0,extension
486,0.0,extension
487,0.0,extension
488,0.0,extension
489,0.0,extension
490,0.0,extension
491,0.0,extension
492,0.0,extension
493,0.0,extension
494,0.0,extension
495,0.0,extension
496,0.0,extension
497,0.0,extension
498,0.0,extension
499,0.0,extension
500,0.0,extension
501,0.0,extension
502,0.0,extension
503,0.0,extension
504,0.0,extension
505,0.0,extension
506,0.0,extension
507,0.0,extension
508,0.0,extension
509,0.0,extension
510,0.0,extension
511,0.0,extension
512,0.0,extension
513,0.0,extension
514,0.0,extension
515,0.0,extension
516,0.0,extension
517,0.0,extension
518,0.0,extension
519,0.0,extension
520,0.0,extension
521,0.0,extension
522,0.0,extension
523,0.0,extension
524,0.0,extension
525,0.0,extension
526,0.0,extension
527,0.0,extension
528,0.0,extension
529,0.0,extension
530,0.0,extension
531,0.0,extension
532,0.0,extension
533,0.0,extension
534,0.0,extension
535,0.0,extension
536,0.0,extension
537,0.0,extension
538,0.0,extension
539,0.0,extension
540,0.0,extension
541,0.0,extension
542,0.0,extension
543,0.0,extension
544,0.0,extension
545,0.0,extension
546,0.0,extension
547,0.0,extension
548,0.0,extension
549,0.0,extension
550,0.0,extension
551,0.0,extension
552,0.0,extension
553,0.0,extension
554,0.0,extension
555,0.0,extension
556,0.0,extension
557,0.0,extension
558,0.0,extension
559,0.0,extension
560,0.0,extension
561,0.0,extension
562,0.0,extension
563,0.0,extension
564,0.0,extension
565,0.0,extension
566,0.0,extension
567,0.0,extension
568,0.0,extension
569,0.0,extension
570,0.0,extension
571,0.0,extension
572,0.0,extension
573,0.0,extension
574,0.0,extension
575,0.0,extension
576,0.0,extension
577,0.0,extension
578,0.0,extension
579,0.0,extension
580,0.0,extension
581,0.0,extension
582,0.0,extension
583,0.0,extension
584,0.0,extension
585,0.0,extension
586,0.0,extension
587,0.0,extension
588,0.0,extension
589,0.0,extension
590,0.0,extension
591,0.0,extension
592,0.0,extension
593,0.0,extension
594,0.0,extension
595,0.0,extension
596,0.0,extension
597,0.0,extension
598,0.0,extension
599,0.0,extension
600,0.0,extension
601,0.0,extension
602,0.0,extension
603,0.0,extension
604,0.0,extension
605,0.0,extension
606,0.0,extension
607,0.0,extension
608,0.0,extension
609,0.0,extension
610,0.0,extension
611,0.0,extension
612,0.0,extension
613,0.0,extension
614,0.0,extension
615,0.0,extension
616,0.0,extension
617,0.0,extension
618,0.0,extension
619,0.0,extension
620,0.0,extension
621,0.0,extension
622,0.0,extension
623,0.0,extension
624,0.0,extension
625,0.0,extension
626,0.0,extension
627,0.0,extension
628,0.0,extension
629,0.0,extension
630,0.0,extension
631,0.0,extension
632,0.0,extension
633,0.0,extension
634,0.0,extension
635,0.0,extension
636,0.0,extension
637,0.0,extension
638,0.0,extension
639,0.0,extension
640,0.0,extension
641,0.0,extension
642,0.0,extension
643,0.0,extension
644,0.0,extension
645,0.0,extension
646,0.0,extension
647,0.0,extension
648,0.0,extension
649,0.0,extension
650,0.0,extension
651,0.0,extension
652,0.0,extension
653,0.0,extension
654,0.0,extension
655,0.0,extension
656,0.0,extension
657,0.0,extension
658,0.0,extension
659,0.0,extension
660,0.0,extension
661,0.0,extension
662,0.0,extension
663,0.0,extension
664,0.0,extension
665,0.0,extension
666,0.0,extension
667,0.0,extension
668,0.0,extension
669,0.0,extension
670,0.0,extension
671,0.0,extension
672,0.0,extension
673,0.0,extension
674,0.0,extension
675,0.0,extension
676,0.0,extension
677,0.0,extension
678,0.0,extension
679,0.0,extension
680,0.0,extension
681,0.0,extension
682,0.0,extension
683,0.0,extension
684,0.0,extension
685,0.0,extension
686,0.0,extension
687,0.0,extension
688,0.0,extension
689,0.0,extension
690,0.0,extension
691,0.0,extension
692,0.0,extension
693,0.0,extension
694,0.0,extension
695,0.0,extension
696,0.0,extension
697,0.0,extension
698,0.0,extension
699,0.0,extension
700,0.0,extension
701,0.0,extension
702,0.0,extension
703,0.0,extension
704,0.0,extension
705,0.0,extension
706,0.0,extension
707,0.0,extension
708,0.0,extension
709,0.0,extension
710,0.0,extension
711,0.0,extension
712,0.0,extension
713,0.0,extension
714,0.0,extension
715,0.0,extension
716,0.0,extension
717,0.0,extension
718,0.0,extension
719,0.0,extension
720,0.0,extension
721,0.0,extension
722,0.0,extension
723,0.0,extension
724,0.0,extension
725,0.0,extension
726,0.0,extension
727,0.0,extension
728,0.0,extension
729,0.0,extension
730,0.0,extension
731,0.0,extension
732,0.0,extension
733,0.0,extension
734,0.0,extension
735,0.0,extension
736,0.0,extension
737,0.0,extension
738,0.0,extension
739,0.0,extension
740,0.0,extension
741,0.0,extension
742,0.0,extension
743,0.0,extension
744,0.0,extension
745,0.0,extension
746,0.0,extension
747,0.0,extension
748,0.0,extension
749,0.0,extension
750,0.0,extension
751,0.0,extension
752,0.0,extension
753,0.0,extension
754,0.0,extension
755,0.0,extension
756,0.0,extension
757,0.0,extension
758,0.0,extension
759,0.0,extension
760,0.0,extension
761,0.0,extension
762,0.0,extension
763,0.0,extension
764,0.0,extension
765,0.0,extension
766,0.0,extension
767,0.0,extension
768,0.0,extension
769,0.0,extension
770,0.0,extension
771,0.0,extension
772,0.0,extension
773,0.0,extension
774,0.0,extension
775,0.0,extension
776,0.0,extension
777,0.0,extension
778,0.0,extension
779,0.0,extension
780,0.0,extension
781,0.0,extension
782,0.0,extension
783,0.0,extension
784,0.0,extension
785,0.0,extension
786,0.0,extension
787,0.0,extension
788,0.0,extension
789,0.0,extension
790,0.0,extension
791,0.0,extension
792,0.0,extension
793,0.0,extension
794,0.0,extension
795,0.0,extension
796,0.0,extension
797,0.0,extension
798,0.0,extension
799,0.0,extension
800,0.0,extension
801,0.0,extension
802,0.0,extension
803,0.0,extension
804,0.0,extension
805,0.0,extension
806,0.0,extension
807,0.0,extension
808,0.0,extension
809,0.0,extension
810,0.0,extension
811,0.0,extension
812,0.0,extension
813,0.0,extension
814,0.0,extension
815,0.0,extension
816,0.0,extension
817,0.0,extension
818,0.0,extension
819,0.0,extension
820,0.0,extension
821,0.0,extension
822,0.0,extension
823,0.0,extension
824,0.0,extension
825,0.0,extension
826,0.0,extension
827,0.0,extension
828,0.0,extension
829,0.0,extension
830,0.0,extension
831,0.0,extension
832,0.0,extension
833,0.0,extension
834,0.0,extension
835,0.0,extension
836,0.0,extension
837,0.0,extension
838,0.0,extension
839,0.0,extension
840,0.0,extension
841,0.0,extension
842,0.0,extension
843,0.0,extension
844,0.0,extension
845,0.0,extension
846,0.0,extension
847,0.0,extension
848,0.0,extension
849,0.0,extension
850,0.0,extension
851,0.0,extension
852,0.0,extension
853,0.0,extension
854,0.0,extension
855,0.0,extension
856,0.0,extension
857,0.0,extension
858,0.0,extension
859,0.0,extension
860,0.0,extension
861,0.0,extension
862,0.0,extension
863,0.0,extension
864,0.0,extension
865,0.0,extension
866,0.0,extension
867,0.0,extension
868,0.0,extension
869,0.0,extension
870,0.0,extension
871,0.0,extension
872,0.0,extension
873,0.0,extension
874,0.0,extension
875,0.0,extension
876,0.0,extension
877,0.0,extension
878,0.0,extension
879,0.0,extension
880,0.0,extension
881,0.0,extension
882,0.0,extension
883,0.0,extension
884,0.0,extension
885,0.0,extension
886,0.0,extension
887,0.0,extension
888,0.0,extension
889,0.0,extension
890,0.0,extension
891,0.0,extension
892,0.0,extension
893,0.0,extension
894,0.0,extension
895,0.0,extension
896,0.0,extension
897,0.0,extension
898,0.0,extension
899,0.0,extension
900,0.0,extension
901,0.0,extension
902,0.0,extension
903,0.0,extension
904,0.0,extension
905,0.0,extension
906,0.0,extension
907,0.0,extension
908,0.0,extension
909,0.0,extension
910,0.0,extension
911,0.0,extension
912,0.0,extension
913,0.0,extension
914,0.0,extension
915,0.0,extension
916,0.0,extension
917,0.0,extension
918,0.0,extension
919,0.0,extension
920,0.0,extension
921,0.0,extension
922,0.0,extension
923,0.0,extension
924,0.0,extension
925,0.0,extension
926,0.0,extension
927,0.0,extension
928,0.0,extension
929,0.0,extension
930,0.0,extension
931,0.0,extension
932,0.0,extension
933,0.0,extension
934,0.0,extension
935,0.0,extension
936,0.0,extension
937,0.0,extension
938,0.0,extension
939,0.0,extension
940,0.0,extension
941,0.0,extension
942,0.0,extension
943,0.0,extension
944,0.0,extension
945,0.0,extension
946,0.0,extension
947,0.0,extension
948,0.0,extension
949,0.0,extension
950,0.0,extension
951,0.0,extension
952,0.0,extension
953,0.0,extension
954,0.0,extension
955,0.0,extension
956,0.0,extension
957,0.0,extension
958,0.0,extension
959,0.0,extension
960,0.0,extension
961,0.0,extension
962,0.0,extension
963,0.0,extension
964,0.0,extension
965,0.0,extension
966,0.0,extension
967,0.0,extension
968,0.0,extension
969,0.0,extension
970,0.0,extension
971,0.0,extension
972,0.0,extension
973,0.0,extension
974,0.0,extension
975,0.0,extension
976,0.0,extension
977,0.0,extension
978,0.0,extension
979,0.0,extension
980,0.0,extension
981,0.0,extension
982,0.0,extension
983,0.0,extension
984,0.0,extension
985,0.0,extension
986,0.0,extension
987,0.0,extension
988,0.0,extension
989,0.0,extension
990,0.0,extension
991,0.0,extension
992,0.0,extension
993,0.0,extension
994,0.0,extension
995,0.0,extension
996,0.0,extension
997,0.0,extension
998,0.0,extension
999,0.0,extension
1000,0.0,extension
1001,0.0,extension
1002,0.0,extension
1003,0.0,extension
1004,0.0,extension
1005,0.0,extension
1006,0.0,extension
1007,0.0,extension
1008,0.0,extension
1009,0.0,extension
1010,0.0,extension
1011,0.0,extension
1012,0.0,extension
1013,0.0,extension
1014,0.0,extension
1015,0.0,extension
1016,0.0,extension
1017,0.0,extension
1018,0.0,extension
1019,0.0,extension
1020,0.0,extension
1021,0.0,extension
1022,0.0,extension
1023,0.0,extension
1024,0.0,extension
1025,0.0,extension
1026,0.0,extension
1027,0.0,extension
1028,0.0,extension
1029,0.0,extension
1030,0.0,extension
1031,0.0,extension
1032,0.0,extension
1033,0.0,extension
1034,0.0,extension
1035,0.0,extension
1036,0.0,extension
1037,0.0,extension
1038,0.0,extension
1039,0.0,extension
1040,0.0,extension
1041,0.0,extension
1042,0.0,extension
1043,0.0,extension
1044,0.0,extension
1045,0.0,extension
1046,0.0,extension
1047,0.0,extension
1048,0.0,extension
1049,0.0,extension
1050,0.0,extension
1051,0.0,extension
1052,0.0,extension
1053,0.0,extension
1054,0.0,extension
1055,0.0,extension
1056,0.0,extension
1057,0.0,extension
1058,0.0,extension
1059,0.0,extension
1060,0.0,extension
1061,0.0,extension
1062,0.0,extension
1063,0.0,extension
1064,0.0,extension
1065,0.0,extension
1066,0.0,extension
1067,0.0,extension
1068,0.0,extension
1069,0.0,extension
1070,0.0,extension
1071,0.0,extension
1072,0.0,extension
1073,0.0,extension
1074,0.0,extension
1075,0.0,extension
1076,0.0,extension
1077,0.0,extension
1078,0.0,extension
1079,0.0,extension
1080,0.0,extension
1081,0.0,extension
1082,0.0,extension
1083,0.0,extension
1084,0.0,extension
1085,0.0,extension
1086,0.0,extension
1087,0.0,extension
1088,0.0,extension
1089,0.0,extension
1090,0.0,extension
1091,0.0,extension
1092,0.0,extension
1093,0.0,extension
1094,0.0,extension
1095,0.0,extension
1096,0.0,extension
1097,0.0,extension
1098,0.0,extension
1099,0.0,extension
1100,0.0,extension
1101,0.0,extension
1102,0.0,extension
1103,0.0,extension
1104,0.0,extension
1105,0.0,extension
1106,0.0,extension
1107,0.0,extension
1108,0.0,extension
1109,0.0,extension
1110,0.0,extension
1111,0.0,extension
1112,0.0,extension
1113,0.0,extension
1114,0.0,extension
1115,0.0,extension
1116,0.0,extension
1117,0.0,extension
1118,0.0,extension
1119,0.0,extension
1120,0.0,extension
1121,0.0,extension
1122,0.0,extension
1123,0.0,extension
1124,0.0,extension
1125,0.0,extension
1126,0.0,extension
1127,0.0,extension
1128,0.0,extension
1129,0.0,extension
1130,0.0,extension
1131,0.0,extension
1132,0.0,extension
1133,0.0,extension
1134,0.0,extension
1135,0.0,extension
1136,0.0,extension
1137,0.0,extension
1138,0.0,extension
1139,0.0,extension
1140,0.0,extension
1141,0.0,extension
1142,0.0,extension
1143,0.0,extension
1144,0.0,extension
1145,0.0,extension
1146,0.0,extension
1147,0.0,extension
1148,0.0,extension
1149,0.0,extension
1150,0.0,extension
1151,0.0,extension
1152,0.0,extension
1153,0.0,extension
1154,0.0,extension
1155,0.0,extension
1156,0.0,extension
1157,0.0,extension
1158,0.0,extension
1159,0.0,extension
1160,0.0,extension
1161,0.0,extension
1162,0.0,extension
1163,0.0,extension
1164,0.0,extension
1165,0.0,extension
1166,0.0,extension
1167,0.0,extension
1168,0.0,extension
1169,0.0,extension
1170,0.0,extension
1171,0.0,extension
1172,0.0,extension
1173,0.0,extension
1174,0.0,extension
1175,0.0,extension
1176,0.0,extension
1177,0.0,extension
1178,0.0,extension
1179,0.0,extension
1180,0.0,extension
1181,0.0,extension
1182,0.0,extension
1183,0.0,extension
1184,0.0,extension
1185,0.0,extension
1186,0.0,extension
1187,0.0,extension
1188,0.0,extension
1189,0.0,extension
1190,0.0,extension
1191,0.0,extension
1192,0.0,extension
1193,0.0,extension
1194,0.0,extension
1195,0.0,extension
1196,0.0,extension
1197,0.0,extension
1198,0.0,extension
1199,0.0,extension
1200,0.0,extension
1201,0.0,extension
1202,0.0,extension
1203,0.0,extension
1204,0.0,extension
1205,0.0,extension
1206,0.0,extension
1207,0.0,extension
1208,0.0,extension
1209,0.0,extension
1210,0.0,extension
1211,0.0,extension
1212,0.0,extension
1213,0.0,extension
1214,0.0,extension
1215,0.0,extension
1216,0.0,extension
1217,0.0,extension
1218,0.0,extension
1219,0.0,extension
1220,0.0,extension
1221,0.0,extension
1222,0.0,extension
1223,0.0,extension
1224,0.0,extension
1225,0.0,extension
1226,0.0,extension
1227,0.0,extension
1228,0.0,extension
1229,0.0,extension
1230,0.0,extension
1231,0.0,extension
1232,0.0,extension
1233,0.0,extension
1234,0.0,extension
1235,0.0,extension
1236,0.0,extension
1237,0.0,extension
1238,0.0,extension
1239,0.0,extension
1240,0.0,extension
1241,0.0,extension
1242,0.0,extension
1243,0.0,extension
1244,0.0,extension
1245,0.0,extension
1246,0.0,extension
1247,0.0,extension
1248,0.0,extension
1249,0.0,extension
1250,0.0,extension
1251,0.0,extension
1252,0.0,extension
1253,0.0,extension
1254,0.0,extension
1255,0.0,extension
1256,0.0,extension
1257,0.0,extension
1258,0.0,extension
1259,0.0,extension
1260,0.0,extension
1261,0.0,extension
1262,0.0,extension
1263,0.0,extension
1264,0.0,extension
1265,0.0,extension
1266,0.0,extension
1267,0.0,extension
1268,0.0,extension
1269,0.0,extension
1270,0.0,extension
1271,0.0,extension
1272,0.0,extension
1273,0.0,extension
1274,0.0,extension
1275,0.0,extension
1276,0.0,extension
1277,0.0,extension
1278,0.0,extension
1279,0.0,extension
1280,0.0,extension
1281,0.0,extension
1282,0.0,extension
1283,0.0,extension
1284,0.0,extension
1285,0.0,extension
1286,0.0,extension
1287,0.0,extension
1288,0.0,extension
1289,0.0,extension
1290,0.0,extension
1291,0.0,extension
1292,0.0,extension
1293,0.0,extension
1294,0.0,extension
1295,0.0,extension
1296,0.0,extension
1297,0.0,extension
1298,0.0,extension
1299,0.0,extension
1300,0.0,extension
1301,0.0,extension
1302,0.0,extension
1303,0.0,extension
1304,0.0,extension
1305,0.0,extension
1306,0.0,extension
1307,0.0,extension
1308,0.0,extension
1309,0.0,extension
1310,0.0,extension
1311,0.0,extension
1312,0.0,extension
1313,0.0,extension
1314,0.0,extension
1315,0.0,extension
1316,0.0,extension
1317,0.0,extension
1318,0.0,extension
1319,0.0,extension
1320,0.0,extension
1321,0.0,extension
1322,0.0,extension
1323,0.0,extension
1324,0.0,extension
1325,0.0,extension
1326,0.0,extension
1327,0.0,extension
1328,0.0,extension
1329,0.0,extension
1330,0.0,extension
1331,0.0,extension
1332,0.0,extension
1333,0.0,extension
1334,0.0,extension
1335,0.0,extension
1336,0.0,extension
1337,0.0,extension
1338,0.0,extension
1339,0.0,extension
1340,0.0,extension
1341,0.0,extension
1342,0.0,extension
1343,0.0,extension
1344,0.0,extension
1345,0.0,extension
1346,0.0,extension
1347,0.0,extension
1348,0.0,extension
1349,0.0,extension
1350,0.0,extension
1351,0.0,extension
1352,0.0,extension
1353,0.0,extension
1354,0.0,extension
1355,0.0,extension
1356,0.0,extension
1357,0.0,extension
1358,0.0,extension
1359,0.0,extension
1360,0.0,extension
1361,0.0,extension
1362,0.0,extension
1363,0.0,extension
1364,0.0,extension
1365,0.0,extension
1366,0.0,extension
1367,0.0,extension
1368,0.0,extension
1369,0.0,extension
1370,0.0,extension
1371,0.0,extension
1372,0.0,extension
1373,0.0,extension
1374,0.0,extension
1375,0.0,extension
1376,0.0,extension
1377,0.0,extension
1378,0.0,extension
1379,0.0,extension
1380,0.0,extension
1381,0.0,extension
1382,0.0,extension
1383,0.0,extension
1384,0.0,extension
1385,0.0,extension
1386,0.0,extension
1387,0.0,extension
1388,0.0,extension
1389,0.0,extension
1390,0.0,extension
1391,0.0,extension
1392,0.0,extension
1393,0.0,extension
1394,0.0,extension
1395,0.0,extension
1396,0.0,extension
1397,0.0,extension
1398,0.0,extension
1399,0.0,extension
1400,0.0,extension
1401,0.0,extension
1402,0.0,extension
1403,0.0,extension
1404,0.0,extension
1405,0.0,extension
1406,0.0,extension
1407,0.0,extension
1408,0.0,extension
1409,0.0,extension
1410,0.0,extension
1411,0.0,extension
1412,0.0,extension
1413,0.0,extension
1414,0.0,extension
1415,0.0,extension
1416,0.0,extension
1417,0.0,extension
1418,0.0,extension
1419,0.0,extension
1420,0.0,extension
1421,0.0,extension
1422,0.0,extension
1423,0.0,extension
1424,0.0,extension
1425,0.0,extension
1426,0.0,extension
1427,0.0,extension
1428,0.0,extension
1429,0.0,extension
1430,0.0,extension
1431,0.0,extension
1432,0.0,extension
1433,0.0,extension
1434,0.0,extension
1435,0.0,extension
1436,0.0,extension
1437,0.0,extension
1438,0.0,extension
1439,0.0,extension
1440,0.0,extension
1441,0.0,extension
1442,0.0,extension
1443,0.0,extension
1444,0.0,extension
1445,0.0,extension
1446,0.0,extension
1447,0.0,extension
1448,0.0,extension
1449,0.0,extension
1450,0.0,extension
1451,0.0,extension
1452,0.0,extension
1453,0.0,extension
1454,0.0,extension
1455,0.0,extension
1456,0.0,extension
1457,0.0,extension
1458,0.0,extension
1459,0.0,extension
1460,0.0,extension
1461,0.0,extension
1462,0.0,extension
1463,0.0,extension
1464,0.0,extension
1465,0.0,extension
1466,0.0,extension
1467,0.0,extension
1468,0.0,extension
1469,0.0,extension
1470,0.0,extension
1471,0.0,extension
1472,0.0,extension
1473,0.0,extension
1474,0.0,extension
1475,0.0,extension
1476,0.0,extension
1477,0.0,extension
1478,0.0,extension
1479,0.0,extension
1480,0.0,extension
1481,0.0,extension
1482,0.0,extension
1483,0.0,extension
1484,0.0,extension
1485,0.0,extension
1486,0.0,extension
1487,0.0,extension
1488,0.0,extension
1489,0.0,extension
1490,0.0,extension
1491,0.0,extension
1492,0.0,extension
1493,0.0,extension
1494,0.0,extension
1495,0.0,extension
1496,0.0,extension
1497,0.0,extension
1498,0.0,extension
1499,0.0,extension
1500,0.0,extension
1501,0.0,extension
1502,0.0,extension
1503,0.0,extension
1504,0.0,extension
1505,0.0,extension
1506,0.0,extension
1507,0.0,extension
1508,0.0,extension
1509,0.0,extension
1510,0.0,extension
1511,0.0,extension
1512,0.0,extension
1513,0.0,extension
1514,0.0,extension
1515,0.0,extension
1516,0.0,extension
1517,0.0,extension
1518,0.0,extension
1519,0.0,extension
1520,0.0,extension
1521,0.0,extension
1522,0.0,extension
1523,0.0,extension
1524,0.0,extension
1525,0.0,extension
1526,0.0,extension
1527,0.0,extension
1528,0.0,extension
1529,0.0,extension
1530,0.0,extension
1531,0.0,extension
1532,0.0,extension
1533,0.0,extension
1534,0.0,extension
1535,0.0,extension
1536,0.0,extension
1537,0.0,extension
1538,0.0,extension
1539,0.0,extension
1540,0.0,extension
1541,0.0,extension
1542,0.0,extension
1543,0.0,extension
1544,0.0,extension
1545,0.0,extension
1546,0.0,extension
1547,0.0,extension
1548,0.0,extension
1549,0.0,extension
1550,0.0,extension
1551,0.0,extension
1552,0.0,extension
1553,0.0,extension
1554,0.0,extension
1555,0.0,extension
1556,0.0,extension
1557,0.0,extension
1558,0.0,extension
1559,0.0,extension
1560,0.0,extension
1561,0.0,extension
1562,0.0,extension
1563,0.0,extension
1564,0.0,extension
1565,0.0,extension
1566,0.0,extension
1567,0.0,extension
1568,0.0,extension
1569,0.0,extension
1570,0.0,extension
1571,0.0,extension
1572,0.0,extension
1573,0.0,extension
1574,0.0,extension
1575,0.0,extension
1576,0.0,extension
1577,0.0,extension
1578,0.0,extension
1579,0.0,extension
1580,0.0,extension
1581,0.0,extension
1582,0.0,extension
1583,0.0,extension
1584,0.0,extension
1585,0.0,extension
1586,0.0,extension
1587,0.0,extension
1588,0.0,extension
1589,0.0,extension
1590,0.0,extension
1591,0.0,extension
1592,0.0,extension
1593,0.0,extension
1594,0.0,extension
1595,0.0,extension
1596,0.0,extension
1597,0.0,extension
1598,0.0,extension
1599,0.0,extension
1600,0.0,extension
1601,0.0,extension
1602,0.0,extension
1603,0.0,extension
1604,0.0,extension
1605,0.0,extension
1606,0.0,extension
1607,0.0,extension
1608,0.0,extension
1609,0.0,extension
1610,0.0,extension
1611,0.0,extension
1612,0.0,extension
1613,0.0,extension
1614,0.0,extension
1615,0.0,extension
1616,0.0,extension
1617,0.0,extension
1618,0.0,extension
1619,0.0,extension
1620,0.0,extension
1621,0.0,extension
1622,0.0,extension
1623,0.0,extension
1624,0.0,extension
1625,0.0,extension
1626,0.0,extension
1627,0.0,extension
1628,0.0,extension
1629,0.0,extension
1630,0.0,extension
1631,0.0,extension
1632,0.0,extension
1633,0.0,extension
1634,0.0,extension
1635,0.0,extension
1636,0.0,extension
1637,0.0,extension
1638,0.0,extension
1639,0.0,extension
1640,0.0,extension
1641,0.0,extension
1642,0.0,extension
1643,0.0,extension
1644,0.0,extension
1645,0.0,extension
1646,0.0,extension
1647,0.0,extension
1648,0.0,extension
1649,0.0,extension
1650,0.0,extension
1651,0.0,extension
1652,0.0,extension
1653,0.0,extension
1654,0.0,extension
1655,0.0,extension
1656,0.0,extension
1657,0.0,extension
1658,0.0,extension
1659,0.0,extension
1660,0.0,extension
1661,0.0,extension
1662,0.0,extension
1663,0.0,extension
1664,0.0,extension
1665,0.0,extension
1666,0.0,extension
1667,0.0,extension
1668,0.0,extension
1669,0.0,extension
1670,0.0,extension
1671,0.0,extension
1672,0.0,extension
1673,0.0,extension
1674,0.0,extension
1675,0.0,extension
1676,0.0,extension
1677,0.0,extension
1678,0.0,extension
1679,0.0,extension
1680,0.0,extension
1681,0.0,extension
1682,0.0,extension
1683,0.0,extension
1684,0.0,extension
1685,0.0,extension
1686,0.0,extension
1687,0.0,extension
1688,0.0,extension
1689,0.0,extension
1690,0.0,extension
1691,0.0,extension
1692,0.0,extension
1693,0.0,extension
1694,0.0,extension
1695,0.0,extension
1696,0.0,extension
1697,0.0,extension
1698,0.0,extension
1699,0.0,extension
1700,0.0,extension
1701,0.0,extension
1702,0.0,extension
1703,0.0,extension
1704,0.0,extension
1705,0.0,extension
1706,0.0,extension
1707,0.0,extension
1708,0.0,extension
1709,0.0,extension
1710,0.0,extension
1711,0.0,extension
1712,0.0,extension
1713,0.0,extension
1714,0.0,extension
1715,0.0,extension
1716,0.0,extension
1717,0.0,extension
1718,0.0,extension
1719,0.0,extension
1720,0.0,extension
1721,0.0,extension
1722,0.0,extension
1723,0.0,extension
1724,0.0,extension
1725,0.0,extension
1726,0.0,extension
1727,0.0,extension
1728,0.0,extension
1729,0.0,extension
1730,0.0,extension
1731,0.0,extension
1732,0.0,extension
1733,0.0,extension
1734,0.0,extension
1735,0.0,extension
1736,0.0,extension
1737,0.0,extension
1738,0.0,extension
1739,0.0,extension
1740,0.0,extension
1741,0.0,extension
1742,0.0,extension
1743,0.0,extension
1744,0.0,extension
1745,0.0,extension
1746,0.0,extension
1747,0.0,extension
1748,0.0,extension
1749,0.0,extension
1750,0.0,extension
1751,0.0,extension
1752,0.0,extension
1753,0.0,extension
1754,0.0,extension
1755,0.0,extension
1756,0.0,extension
1757,0.0,extension
1758,0.0,extension
1759,0.0,extension
1760,0.0,extension
1761,0.0,extension
1762,0.0,extension
1763,0.0,extension
1764,0.0,extension
1765,0.0,extension
1766,0.0,extension
1767,0.0,extension
1768,0.0,extension
1769,0.0,extension
1770,0.0,extension
1771,0.0,extension
1772,0.0,extension
1773,0.0,extension
1774,0.0,extension
1775,0.0,extension
1776,0.0,extension
1777,0.0,extension
1778,0.0,extension
1779,0.0,extension
1780,0.0,extension
1781,0.0,extension
1782,0.0,extension
1783,0.0,extension
1784,0.0,extension
1785,0.0,extension
1786,0.0,extension
1787,0.0,extension
1788,0.0,extension
1789,0.0,extension
1790,0.0,extension
1791,0.0,extension
1792,0.0,extension
1793,0.0,extension
1794,0.0,extension
1795,0.0,extension
1796,0.0,extension
1797,0.0,extension
1798,0.0,extension
1799,0.0,extension
1800,0.0,extension
1801,0.0,extension
1802,0.0,extension
1803,0.0,extension
1804,0.0,extension
1805,0.0,extension
1806,0.0,extension
1807,0.0,extension
1808,0.0,extension
1809,0.0,extension
1810,0.0,extension
1811,0.0,extension
1812,0.0,extension
1813,0.0,extension
1814,0.0,extension
1815,0.0,extension
1816,0.0,extension
1817,0.0,extension
1818,0.0,extension
1819,0.0,extension
1820,0.0,extension
1821,0.0,extension
1822,0.0,extension
1823,0.0,extension
1824,0.0,extension
1825,0.0,extension
1826,0.0,extension
1827,0.0,extension
1828,0.0,extension
1829,0.0,extension
1830,0.0,extension
1831,0.0,extension
1832,0.0,extension
1833,0.0,extension
1834,0.0,extension
1835,0.0,extension
1836,0.0,extension
1837,0.0,extension
1838,0.0,extension
1839,0.0,extension
1840,0.0,extension
1841,0.0,extension
1842,0.0,extension
1843,0.0,extension
1844,0.0,extension
1845,0.0,extension
1846,0.0,extension
1847,0.0,extension
1848,0.0,extension
1849,0.0,extension
1850,0.0,extension
1851,0.0,extension
1852,0.0,extension
1853,0.0,extension
1854,0.0,extension
1855,0.0,extension
1856,0.0,extension
1857,0.0,extension
1858,0.0,extension
1859,0.0,extension
1860,0.0,extension
1861,0.0,extension
1862,0.0,extension
1863,0.0,extension
1864,0.0,extension
1865,0.0,extension
1866,0.0,extension
1867,0.0,extension
1868,0.0,extension
1869,0.0,extension
1870,0.0,extension
1871,0.0,extension
1872,0.0,extension
1873,0.0,extension
1874,0.0,extension
1875,0.0,extension
1876,0.0,extension
1877,0.0,extension
1878,0.0,extension
1879,0.0,extension
1880,0.0,extension
1881,0.0,extension
1882,0.0,extension
1883,0.0,extension
1884,0.0,extension
1885,0.0,extension
1886,0.0,extension
1887,0.0,extension
1888,0.0,extension
1889,0.0,extension
1890,0.0,extension
1891,0.0,extension
1892,0.0,extension
1893,0.0,extension
1894,0.0,extension
1895,0.0,extension
1896,0.0,extension
1897,0.0,extension
1898,0.0,extension
1899,0.0,extension
1900,0.0,extension
1901,0.0,extension
1902,0.0,extension
1903,0.0,extension
1904,0.0,extension
1905,0.0,extension
1906,0.0,extension
1907,0.0,extension
1908,0.0,extension
1909,0.0,extension
1910,0.0,extension
1911,0.0,extension
1912,0.0,extension
1913,0.0,extension
1914,0.0,extension
1915,0.0,extension
1916,0.0,extension
1917,0.0,extension
1918,0.0,extension
1919,0.0,extension
1920,0.0,extension
1921,0.0,extension
1922,0.0,extension
1923,0.0,extension
1924,0.0,extension
1925,0.0,extension
1926,0.0,extension
1927,0.0,extension
1928,0.0,extension
1929,0.0,extension
1930,0.0,extension
1931,0.0,extension
1932,0.0,extension
1933,0.0,extension
1934,0.0,extension
1935,0.0,extension
1936,0.0,extension
1937,0.0,extension
1938,0.0,extension
1939,0.0,extension
1940,0.0,extension
1941,0.0,extension
1942,0.0,extension
1943,0.0,extension
1944,0.0,extension
1945,0.0,extension
1946,0.0,extension
1947,0.0,extension
1948,0.0,extension
1949,0.0,extension
1950,0.0,extension
1951,0.0,extension
1952,0.0,extension
1953,0.0,extension
1954,0.0,extension
1955,0.0,extension
1956,0.0,extension
1957,0.0,extension
1958,0.0,extension
1959,0.0,extension
1960,0.0,extension
1961,0.0,extension
1962,0.0,extension
1963,0.0,extension
1964,0.0,extension
1965,0.0,extension
1966,0.0,extension
1967,0.0,extension
1968,0.0,extension
1969,0.0,extension
1970,0.0,extension
1971,0.0,extension
1972,0.0,extension
1973,0.0,extension
1974,0.0,extension
1975,0.0,extension
1976,0.0,extension
1977,0.0,extension
1978,0.0,extension
1979,0.0,extension
1980,0.0,extension
1981,0.0,extension
1982,0.0,extension
1983,0.0,extension
1984,0.0,extension
1985,0.0,extension
1986,0.0,extension
1987,0.0,extension
1988,0.0,extension
1989,0.0,extension
1990,0.0,extension
1991,0.0,extension
1992,0.0,extension
1993,0.0,extension
1994,0.0,extension
1995,0.0,extension
1996,0.0,extension
1997,0.0,extension
1998,0.0,extension
1999,0.0,extension
2000,0.0,extension
2001,0.0,extension
2002,0.0,extension
2003,0.0,extension
2004,0.0,extension
2005,0.0,extension
2006,0.0,extension
2007,0.0,extension
2008,0.0,extension
2009,0.0,extension
2010,0.0,extension
2011,0.0,extension
2012,0.0,extension
2013,0.0,extension
2014,0.0,extension
2015,0.0,extension
2016,0.0,extension
2017,0.0,extension
2018,0.0,extension
2019,0.0,extension
2020,0.0,extension
2021,0.0,extension
2022,0.0,extension
2023,0.0,extension
2024,0.0,extension
2025,0.0,extension
2026,0.0,extension
2027,0.0,extension
2028,0.0,extension
2029,0.0,extension
2030,0.0,extension
2031,0.0,extension
2032,0.0,extension
2033,0.0,extension
2034,0.0,extension
2035,0.0,extension
2036,0.0,extension
2037,0.0,extension
2038,0.0,extension
2039,0.0,extension
2040,0.0,extension
2041,0.0,extension
2042,0.0,extension
2043,0.0,extension
2044,0.0,extension
2045,0.0,extension
2046,0.0,extension
2047,0.0,extension
2048,0.0,extension
2049,0.0,extension
2050,0.0,extension
2051,0.0,extension
2052,0.0,extension
2053,0.0,extension
2054,0.0,extension
2055,0.0,extension
2056,0.0,extension
2057,0.0,extension
2058,0.0,extension
2059,0.0,extension
2060,0.0,extension
2061,0.0,extension
2062,0.0,extension
2063,0.0,extension
2064,0.0,extension
2065,0.0,extension
2066,0.0,extension
2067,0.0,extension
2068,0.0,extension
2069,0.0,extension
2070,0.0,extension
2071,0.0,extension
2072,0.0,extension
2073,0.0,extension
2074,0.0,extension
2075,0.0,extension
2076,0.0,extension
2077,0.0,extension
2078,0.0,extension
2079,0.0,extension
2080,0.0,extension
2081,0.0,extension
2082,0.0,extension
2083,0.0,extension
2084,0.0,extension
2085,0.0,extension
2086,0.0,extension
2087,0.0,extension
2088,0.0,extension
2089,0.0,extension
2090,0.0,extension
2091,0.0,extension
2092,0.0,extension
2093,0.0,extension
2094,0.0,extension
2095,0.0,extension
2096,0.0,extension
2097,0.0,extension
2098,0.0,extension
2099,0.0,extension
2100,0.0,extension
2101,0.0,extension
2102,0.0,extension
2103,0.0,extension
2104,0.0,extension
2105,0.0,extension
2106,0.0,extension
2107,0.0,extension
2108,0.0,extension
2109,0.0,extension
2110,0.0,extension
2111,0.0,extension
2112,0.0,extension
2113,0.0,extension
2114,0.0,extension
2115,0.0,extension
2116,0.0,extension
2117,0.0,extension
2118,0.0,extension
2119,0.0,extension
2120,0.0,extension
2121,0.0,extension
2122,0.0,extension
2123,0.0,extension
2124,0.0,extension
2125,0.0,extension
2126,0.0,extension
2127,0.0,extension
2128,0.0,extension
2129,0.0,extension
2130,0.0,extension
2131,0.0,extension
2132,0.0,extension
2133,0.0,extension
2134,0.0,extension
2135,0.0,extension
2136,0.0,extension
2137,0.0,extension
2138,0.0,extension
2139,0.0,extension
2140,0.0,extension
2141,0.0,extension
2142,0.0,extension
2143,0.0,extension
2144,0.0,extension
2145,0.0,extension
2146,0.0,extension
2147,0.0,extension
2148,0.0,extension
2149,0.0,extension
2150,0.0,extension
2151,0.0,extension
2152,0.0,extension
2153,0.0,extension
2154,0.0,extension
2155,0.0,extension
2156,0.0,extension
2157,0.0,extension
2158,0.0,extension
2159,0.0,extension
2160,0.0,extension
2161,0.0,extension
2162,0.0,extension
2163,0.0,extension
2164,0.0,extension
2165,0.0,extension
2166,0.0,extension
2167,0.0,extension
2168,0.0,extension
2169,0.0,extension
2170,0.0,extension
2171,0.0,extension
2172,0.0,extension
2173,0.0,extension
2174,0.0,extension
2175,0.0,extension
2176,0.0,extension
2177,0.0,extension
2178,0.0,extension
2179,0.0,extension
2180,0.0,extension
2181,0.0,extension
2182,0.0,extension
2183,0.0,extension
2184,0.0,extension
2185,0.0,extension
2186,0.0,extension
2187,0.0,extension
2188,0.0,extension
2189,0.0,extension
2190,0.0,extension
2191,0.0,extension
2192,0.0,extension
2193,0.0,extension
2194,0.0,extension
2195,0.0,extension
2196,0.0,extension
2197,0.0,extension
2198,0.0,extension
2199,0.0,extension
2200,0.0,extension
2201,0.0,extension
2202,0.0,extension
2203,0.0,extension
2204,0.0,extension
2205,0.0,extension
2206,0.0,extension
2207,0.0,extension
2208,0.0,extension
2209,0.0,extension
2210,0.0,extension
2211,0.0,extension
2212,0.0,extension
2213,0.0,extension
2214,0.0,extension
2215,0.0,extension
2216,0.0,extension
2217,0.0,extension
2218,0.0,extension
2219,0.0,extension
2220,0.0,extension
2221,0.0,extension
2222,0.0,extension
2223,0.0,extension
2224,0.0,extension
2225,0.0,extension
2226,0.0,extension
2227,0.0,extension
2228,0.0,extension
2229,0.0,extension
2230,0.0,extension
2231,0.0,extension
2232,0.0,extension
2233,0.0,extension
2234,0.0,extension
2235,0.0,extension
2236,0.0,extension
2237,0.0,extension
2238,0.0,extension
2239,0.0,extension
2240,0.0,extension
2241,0.0,extension
2242,0.0,extension
2243,0.0,extension
2244,0.0,extension
2245,0.0,extension
2246,0.0,extension
2247,0.0,extension
2248,0.0,extension
2249,0.0,extension
2250,0.0,extension
2251,0.0,extension
2252,0.0,extension
2253,0.0,extension
2254,0.0,extension
2255,0.0,extension
2256,0.0,extension
2257,0.0,extension
2258,0.0,extension
2259,0.0,extension
2260,0.0,extension
2261,0.0,extension
2262,0.0,extension
2263,0.0,extension
2264,0.0,extension
2265,0.0,extension
2266,0.0,extension
2267,0.0,extension
2268,0.0,extension
2269,0.0,extension
2270,0.0,extension
2271,0.0,extension
2272,0.0,extension
2273,0.0,extension
2274,0.0,extension
2275,0.0,extension
2276,0.0,extension
2277,0.0,extension
2278,0.0,extension
2279,0.0,extension
2280,0.0,extension
2281,0.0,extension
2282,0.0,extension
2283,0.0,extension
2284,0.0,extension
2285,0.0,extension
2286,0.0,extension
2287,0.0,extension
2288,0.0,extension
2289,0.0,extension
2290,0.0,extension
2291,0.0,extension
2292,0.0,extension
2293,0.0,extension
2294,0.0,extension
2295,0.0,extension
2296,0.0,extension
2297,0.0,extension
2298,0.0,extension
2299,0.0,extension
2300,0.0,extension
2301,0.0,extension
2302,0.0,extension
2303,0.0,extension
2304,0.0,extension
2305,0.0,extension
2306,0.0,extension
2307,0.0,extension
2308,0.0,extension
2309,0.0,extension
2310,0.0,extension
2311,0.0,extension
2312,0.0,extension
2313,0.0,extension
2314,0.0,extension
2315,0.0,extension
2316,0.0,extension
2317,0.0,extension
2318,0.0,extension
2319,0.0,extension
2320,0.0,extension
2321,0.0,extension
2322,0.0,extension
2323,0.0,extension
2324,0.0,extension
2325,0.0,extension
2326,0.0,extension
2327,0.0,extension
2328,0.0,extension
2329,0.0,extension
2330,0.0,extension
2331,0.0,extension
2332,0.0,extension
2333,0.0,extension
2334,0.0,extension
2335,0.0,extension
2336,0.0,extension
2337,0.0,extension
2338,0.0,extension
2339,0.0,extension
2340,0.0,extension
2341,0.0,extension
2342,0.0,extension
2343,0.0,extension
2344,0.0,extension
2345,0.0,extension
2346,0.0,extension
2347,0.0,extension
2348,0.0,extension
2349,0.0,extension
2350,0.0,extension
2351,0.0,extension
2352,0.0,extension
2353,0.0,extension
2354,0.0,extension
2355,0.0,extension
2356,0.0,extension
2357,0.0,extension
2358,0.0,extension
2359,0.0,extension
2360,0.0,extension
2361,0.0,extension
2362,0.0,extension
2363,0.0,extension
2364,0.0,extension
2365,0.0,extension
2366,0.0,extension
2367,0.0,extension
2368,0.0,extension
2369,0.0,extension
2370,0.0,extension
2371,0.0,extension
2372,0.0,extension
2373,0.0,extension
2374,0.0,extension
2375,0.0,extension
2376,0.0,extension
2377,0.0,extension
2378,0.0,extension
2379,0.0,extension
2380,0.0,extension
2381,0.0,extension
2382,0.0,extension
2383,0.0,extension
2384,0.0,extension
2385,0.0,extension
2386,0.0,extension
2387,0.0,extension
2388,0.0,extension
2389,0.0,extension
2390,0.0,extension
2391,0.0,extension
2392,0.0,extension
2393,0.0,extension
2394,0.0,extension
2395,0.0,extension
2396,0.0,extension
2397,0.0,extension
2398,0.0,extension
2399,0.0,extension
2400,0.0,extension
2401,0.0,extension
2402,0.0,extension
2403,0.0,extension
2404,0.0,extension
2405,0.0,extension
2406,0.0,extension
2407,0.0,extension
2408,0.0,extension
2409,0.0,extension
2410,0.0,extension
2411,0.0,extension
2412,0.0,extension
2413,0.0,extension
2414,0.0,extension
2415,0.0,extension
2416,0.0,extension
2417,0.0,extension
2418,0.0,extension
2419,0.0,extension
2420,0.0,extension
2421,0.0,extension
2422,0.0,extension
2423,0.0,extension
2424,0.0,extension
2425,0.0,extension
2426,0.0,extension
2427,0.0,extension
2428,0.0,extension
2429,0.0,extension
2430,0.0,extension
2431,0.0,extension
2432,0.0,extension
2433,0.0,extension
2434,0.0,extension
2435,0.0,extension
2436,0.0,extension
2437,0.0,extension
2438,0.0,extension
2439,0.0,extension
2440,0.0,extension
2441,0.0,extension
2442,0.0,extension
2443,0.0,extension
2444,0.0,extension
2445,0.0,extension
2446,0.0,extension
2447,0.0,extension
2448,0.0,extension
2449,0.0,extension
2450,0.0,extension
2451,0.0,extension
2452,0.0,extension
2453,0.0,extension
2454,0.0,extension
2455,0.0,extension
2456,0.0,extension
2457,0.0,extension
2458,0.0,extension
2459,0.0,extension
2460,0.0,extension
2461,0.0,extension
2462,0.0,extension
2463,0.0,extension
2464,0.0,extension
2465,0.0,extension
2466,0.0,extension
2467,0.0,extension
2468,0.0,extension
2469,0.0,extension
2470,0.0,extension
2471,0.0,extension
2472,0.0,extension
2473,0.0,extension
2474,0.0,extension
2475,0.0,extension
2476,0.0,extension
2477,0.0,extension
2478,0.0,extension
2479,0.0,extension
2480,0.0,extension
2481,0.0,extension
2482,0.0,extension
2483,0.0,extension
2484,0.0,extension
2485,0.0,extension
2486,0.0,extension
2487,0.0,extension
2488,0.0,extension
2489,0.0,extension
2490,0.0,extension
2491,0.0,extension
2492,0.0,extension
2493,0.0,extension
2494,0.0,extension
2495,0.0,extension
2496,0.0,extension
2497,0.0,extension
2498,0.0,extension
2499,0.0,extension
2500,0.0,extension
2501,0.0,extension
2502,0.0,extension
2503,0.0,extension
2504,0.0,extension
2505,0.0,extension
2506,0.0,extension
2507,0.0,extension
2508,0.0,extension
2509,0.0,extension
2510,0.0,extension
2511,0.0,extension
2512,0.0,extension
2513,0.0,extension
2514,0.0,extension
2515,0.0,extension
2516,0.0,extension
2517,0.0,extension
2518,0.0,extension
2519,0.0,extension
2520,0.0,extension
2521,0.0,extension
2522,0.0,extension
2523,0.0,extension
2524,0.0,extension
2525,0.0,extension
2526,0.0,extension
2527,0.0,extension
2528,0.0,extension
2529,0.0,extension
2530,0.0,extension
2531,0.0,extension
2532,0.0,extension
2533,0.0,extension
2534,0.0,extension
2535,0.0,extension
2536,0.0,extension
2537,0.0,extension
2538,0.0,extension
2539,0.0,extension
2540,0.0,extension
2541,0.0,extension
2542,0.0,extension
2543,0.0,extension
2544,0.0,extension
2545,0.0,extension
2546,0.0,extension
2547,0.0,extension
2548,0.0,extension
2549,0.0,extension
2550,0.0,extension
2551,0.0,extension
2552,0.0,extension
2553,0.0,extension
2554,0.0,extension
2555,0.0,extension
2556,0.0,extension
2557,0.0,extension
2558,0.0,extension
2559,0.0,extension
2560,0.0,extension
2561,0.0,extension
2562,0.0,extension
2563,0.0,extension
2564,0.0,extension
2565,0.0,extension
2566,0.0,extension
2567,0.0,extension
2568,0.0,extension
2569,0.0,extension
2570,0.0,extension
2571,0.0,extension
2572,0.0,extension
2573,0.0,extension
2574,0.0,extension
2575,0.0,extension
2576,0.0,extension
2577,0.0,extension
2578,0.0,extension
2579,0.0,extension
2580,0.0,extension
2581,0.0,extension
2582,0.0,extension
2583,0.0,extension
2584,0.0,extension
2585,0.0,extension
2586,0.0,extension
2587,0.0,extension
2588,0.0,extension
2589,0.0,extension
2590,0.0,extension
2591,0.0,extension
2592,0.0,extension
2593,0.0,extension
2594,0.0,extension
2595,0.0,extension
2596,0.0,extension
2597,0.0,extension
2598,0.0,extension
2599,0.0,extension
2600,0.0,extension
2601,0.0,extension
2602,0.0,extension
2603,0.0,extension
2604,0.0,extension
2605,0.0,extension
2606,0.0,extension
2607,0.0,extension
2608,0.0,extension
2609,0.0,extension
2610,0.0,extension
2611,0.0,extension
2612,0.0,extension
2613,0.0,extension
2614,0.0,extension
2615,0.0,extension
2616,0.0,extension
2617,0.0,extension
2618,0.0,extension
2619,0.0,extension
2620,0.0,extension
2621,0.0,extension
2622,0.0,extension
2623,0.0,extension
2624,0.0,extension
2625,0.0,extension
2626,0.0,extension
2627,0.0,extension
2628,0.0,extension
2629,0.0,extension
2630,0.0,extension
2631,0.0,extension
2632,0.0,extension
2633,0.0,extension
2634,0.0,extension
2635,0.0,extension
2636,0.0,extension
2637,0.0,extension
2638,0.0,extension
2639,0.0,extension
2640,0.0,extension
2641,0.0,extension
2642,0.0,extension
2643,0.0,extension
2644,0.0,extension
2645,0.0,extension
2646,0.0,extension
2647,0.0,extension
2648,0.0,extension
2649,0.0,extension
2650,0.0,extension
2651,0.0,extension
2652,0.0,extension
2653,0.0,extension
2654,0.0,extension
2655,0.0,extension
2656,0.0,extension
2657,0.0,extension
2658,0.0,extension
2659,0.0,extension
2660,0.0,extension
2661,0.0,extension
2662,0.0,extension
2663,0.0,extension
2664,0.0,extension
2665,0.0,extension
2666,0.0,extension
2667,0.0,extension
2668,0.0,extension
2669,0.0,extension
2670,0.0,extension
2671,0.0,extension
2672,0.0,extension
2673,0.0,extension
2674,0.0,extension
2675,0.0,extension
2676,0.0,extension
2677,0.0,extension
2678,0.0,extension
2679,0.0,extension
2680,0.0,extension
2681,0.0,extension
2682,0.0,extension
2683,0.0,extension
2684,0.0,extension
2685,0.0,extension
2686,0.0,extension
2687,0.0,extension
2688,0.0,extension
2689,0.0,extension
2690,0.0,extension
2691,0.0,extension
2692,0.0,extension
2693,0.0,extension
2694,0.0,extension
2695,0.0,extension
2696,0.0,extension
2697,0.0,extension
2698,0.0,extension
2699,0.0,extension
2700,0.0,extension
2701,0.0,extension
2702,0.0,extension
2703,0.0,extension
2704,0.0,extension
2705,0.0,extension
2706,0.0,extension
2707,0.0,extension
2708,0.0,extension
2709,0.0,extension
2710,0.0,extension
2711,0.0,extension
2712,0.0,extension
2713,0.0,extension
2714,0.0,extension
2715,0.0,extension
2716,0.0,extension
2717,0.0,extension
2718,0.0,extension
2719,0.0,extension
2720,0.0,extension
2721,0.0,extension
2722,0.0,extension
2723,0.0,extension
2724,0.0,extension
2725,0.0,extension
2726,0.0,extension
2727,0.0,extension
2728,0.0,extension
2729,0.0,extension
2730,0.0,extension
2731,0.0,extension
2732,0.0,extension
2733,0.0,extension
2734,0.0,extension
2735,0.0,extension
2736,0.0,extension
2737,0.0,extension
2738,0.0,extension
2739,0.0,extension
2740,0.0,extension
2741,0.0,extension
2742,0.0,extension
2743,0.0,extension
2744,0.0,extension
2745,0.0,extension
2746,0.0,extension
2747,0.0,extension
2748,0.0,extension
2749,0.0,extension
2750,0.0,extension
2751,0.0,extension
2752,0.0,extension
2753,0.0,extension
2754,0.0,extension
2755,0.0,extension
2756,0.0,extension
2757,0.0,extension
2758,0.0,extension
2759,0.0,extension
2760,0.0,extension
2761,0.0,extension
2762,0.0,extension
2763,0.0,extension
2764,0.0,extension
2765,0.0,extension
2766,0.0,extension
2767,0.0,extension
2768,0.0,extension
2769,0.0,extension
2770,0.0,extension
2771,0.0,extension
2772,0.0,extension
2773,0.0,extension
2774,0.0,extension
2775,0.0,extension
2776,0.0,extension
2777,0.0,extension
2778,0.0,extension
2779,0.0,extension
2780,0.0,extension
2781,0.0,extension
2782,0.0,extension
2783,0.0,extension
2784,0.0,extension
2785,0.0,extension
2786,0.0,extension
2787,0.0,extension
2788,0.0,extension
2789,0.0,extension
2790,0.0,extension
2791,0.0,extension
2792,0.0,extension
2793,0.0,extension
2794,0.0,extension
2795,0.0,extension
2796,0.0,extension
2797,0.0,extension
2798,0.0,extension
2799,0.0,extension
2800,0.0,extension
2801,0.0,extension
2802,0.0,extension
2803,0.0,extension
2804,0.0,extension
2805,0.0,extension
2806,0.0,extension
2807,0.0,extension
2808,0.0,extension
2809,0.0,extension
2810,0.0,extension
2811,0.0,extension
2812,0.0,extension
2813,0.0,extension
2814,0.0,extension
2815,0.0,extension
2816,0.0,extension
2817,0.0,extension
2818,0.0,extension
2819,0.0,extension
2820,0.0,extension
2821,0.0,extension
2822,0.0,extension
2823,0.0,extension
2824,0.0,extension
2825,0.0,extension
2826,0.0,extension
2827,0.0,extension
2828,0.0,extension
2829,0.0,extension
2830,0.0,extension
2831,0.0,extension
2832,0.0,extension
2833,0.0,extension
2834,0.0,extension
2835,0.0,extension
2836,0.0,extension
2837,0.0,extension
2838,0.0,extension
2839,0.0,extension
2840,0.0,extension
2841,0.0,extension
2842,0.0,extension
2843,0.0,extension
2844,0.0,extension
2845,0.0,extension
2846,0.0,extension
2847,0.0,extension
2848,0.0,extension
2849,0.0,extension
2850,0.0,extension
2851,0.0,extension
2852,0.0,extension
2853,0.0,extension
2854,0.0,extension
2855,0.0,extension
2856,0.0,extension
2857,0.0,extension
2858,0.0,extension
2859,0.0,extension
2860,0.0,extension
2861,0.0,extension
2862,0.0,extension
2863,0.0,extension
2864,0.0,extension
2865,0.0,extension
2866,0.0,extension
2867,0.0,extension
2868,0.0,extension
2869,0.0,extension
2870,0.0,extension
2871,0.0,extension
2872,0.0,extension
2873,0.0,extension
2874,0.0,extension
2875,0.0,extension
2876,0.0,extension
2877,0.0,extension
2878,0.0,extension
2879,0.0,extension
2880,0.0,extension
2881,0.0,extension
2882,0.0,extension
2883,0.0,extension
2884,0.0,extension
2885,0.0,extension
2886,0.0,extension
2887,0.0,extension
2888,0.0,extension
2889,0.0,extension
2890,0.0,extension
2891,0.0,extension
2892,0.0,extension
2893,0.0,extension
2894,0.0,extension
2895,0.0,extension
2896,0.0,extension
2897,0.0,extension
2898,0.0,extension
2899,0.0,extension
2900,0.0,extension
2901,0.0,extension
2902,0.0,extension
2903,0.0,extension
2904,0.0,extension
2905,0.0,extension
2906,0.0,extension
2907,0.0,extension
2908,0.0,extension
2909,0.0,extension
2910,0.0,extension
2911,0.0,extension
2912,0.0,extension
2913,0.0,extension
2914,0.0,extension
2915,0.0,extension
2916,0.0,extension
2917,0.0,extension
2918,0.0,extension
2919,0.0,extension
2920,0.0,extension
2921,0.0,extension
2922,0.0,extension
2923,0.0,extension
2924,0.0,extension
2925,0.0,extension
2926,0.0,extension
2927,0.0,extension
2928,0.0,extension
2929,0.0,extension
2930,0.0,extension
2931,0.0,extension
2932,0.0,extension
2933,0.0,extension
2934,0.0,extension
2935,0.0,extension
2936,0.0,extension
2937,0.0,extension
2938,0.0,extension
2939,0.0,extension
2940,0.0,extension
2941,0.0,extension
2942,0.0,extension
2943,0.0,extension
2944,0.0,extension
2945,0.0,extension
2946,0.0,extension
2947,0.0,extension
2948,0.0,extension
2949,0.0,extension
2950,0.0,extension
2951,0.0,extension
2952,0.0,extension
2953,0.0,extension
2954,0.0,extension
2955,0.0,extension
2956,0.0,extension
2957,0.0,extension
2958,0.0,extension
2959,0.0,extension
2960,0.0,extension
2961,0.0,extension
2962,0.0,extension
2963,0.0,extension
2964,0.0,extension
2965,0.0,extension
2966,0.0,extension
2967,0.0,extension
2968,0.0,extension
2969,0.0,extension
2970,0.0,extension
2971,0.0,extension
2972,0.0,extension
2973,0.0,extension
2974,0.0,extension
2975,0.0,extension
2976,0.0,extension
2977,0.0,extension
2978,0.0,extension
2979,0.0,extension
2980,0.0,extension
2981,0.0,extension
2982,0.0,extension
2983,0.0,extension
2984,0.0,extension
2985,0.0,extension
2986,0.0,extension
2987,0.0,extension
2988,0.0,extension
2989,0.0,extension
2990,0.0,extension
2991,0.0,extension
2992,0.0,extension
2993,0.0,extension
2994,0.0,extension
2995,0.0,extension
2996,0.0,extension
2997,0.0,extension
2998,0.0,extension
2999,0.0,extension
3000,0.0,extension
3001,0.0,extension
3002,0.0,extension
3003,0.0,extension
3004,0.0,extension
3005,0.0,extension
3006,0.0,extension
3007,0.0,extension
3008,0.0,extension
3009,0.0,extension
3010,0.0,extension
3011,0.0,extension
3012,0.0,extension
3013,0.0,extension
3014,0.0,extension
3015,0.0,extension
3016,0.0,extension
3017,0.0,extension
3018,0.0,extension
3019,0.0,extension
3020,0.0,extension
3021,0.0,extension
3022,0.0,extension
3023,0.0,extension
3024,0.0,extension
3025,0.0,extension
3026,0.0,extension
3027,0.0,extension
3028,0.0,extension
3029,0.0,extension
3030,0.0,extension
3031,0.0,extension
3032,0.0,extension
3033,0.0,extension
3034,0.0,extension
3035,0.0,extension
3036,0.0,extension
3037,0.0,extension
3038,0.0,extension
3039,0.0,extension
3040,0.0,extension
3041,0.0,extension
3042,0.0,extension
3043,0.0,extension
3044,0.0,extension
3045,0.0,extension
3046,0.0,extension
3047,0.0,extension
3048,0.0,extension
3049,0.0,extension
3050,0.0,extension
3051,0.0,extension
3052,0.0,extension
3053,0.0,extension
3054,0.0,extension
3055,0.0,extension
3056,0.0,extension
3057,0.0,extension
3058,0.0,extension
3059,0.0,extension
3060,0.0,extension
3061,0.0,extension
3062,0.0,extension
3063,0.0,extension
3064,0.0,extension
3065,0.0,extension
3066,0.0,extension
3067,0.0,extension
3068,0.0,extension
3069,0.0,extension
3070,0.0,extension
3071,0.0,extension
3072,0.0,extension
3073,0.0,extension
3074,0.0,extension
3075,0.0,extension
3076,0.0,extension
3077,0.0,extension
3078,0.0,extension
3079,0.0,extension
3080,0.0,extension
3081,0.0,extension
3082,0.0,extension
3083,0.0,extension
3084,0.0,extension
3085,0.0,extension
3086,0.0,extension
3087,0.0,extension
3088,0.0,extension
3089,0.0,extension
3090,0.0,extension
3091,0.0,extension
3092,0.0,extension
3093,0.0,extension
3094,0.0,extension
3095,0.0,extension
3096,0.0,extension
3097,0.0,extension
3098,0.0,extension
3099,0.0,extension
3100,0.0,extension
3101,0.0,extension
3102,0.0,extension
3103,0.0,extension
3104,0.0,extension
3105,0.0,extension
3106,0.0,extension
3107,0.0,extension
3108,0.0,extension
3109,0.0,extension
3110,0.0,extension
3111,0.0,extension
3112,0.0,extension
3113,0.0,extension
3114,0.0,extension
3115,0.0,extension
3116,0.0,extension
3117,0.0,extension
3118,0.0,extension
3119,0.0,extension
3120,0.0,extension
3121,0.0,extension
3122,0.0,extension
3123,0.0,extension
3124,0.0,extension
3125,0.0,extension
3126,0.0,extension
3127,0.0,extension
3128,0.0,extension
3129,0.0,extension
3130,0.0,extension
3131,0.0,extension
3132,0.0,extension
3133,0.0,extension
3134,0.0,extension
3135,0.0,extension
3136,0.0,extension
3137,0.0,extension
3138,0.0,extension
3139,0.0,extension
3140,0.0,extension
3141,0.0,extension
3142,0.0,extension
3143,0.0,extension
3144,0.0,extension
3145,0.0,extension
3146,0.0,extension
3147,0.0,extension
3148,0.0,extension
3149,0.0,extension
3150,0.0,extension
3151,0.0,extension
3152,0.0,extension
3153,0.0,extension
3154,0.0,extension
3155,0.0,extension
3156,0.0,extension
3157,0.0,extension
3158,0.0,extension
3159,0.0,extension
3160,0.0,extension
3161,0.0,extension
3162,0.0,extension
3163,0.0,extension
3164,0.0,extension
3165,0.0,extension
3166,0.0,extension
3167,0.0,extension
3168,0.0,extension
3169,0.0,extension
3170,0.0,extension
3171,0.0,extension
3172,0.0,extension
3173,0.0,extension
3174,0.0,extension
3175,0.0,extension
3176,0.0,extension
3177,0.0,extension
3178,0.0,extension
3179,0.0,extension
3180,0.0,extension
3181,0.0,extension
3182,0.0,extension
3183,0.0,extension
3184,0.0,extension
3185,0.0,extension
3186,0.0,extension
3187,0.0,extension
3188,0.0,extension
3189,0.0,extension
3190,0.0,extension
3191,0.0,extension
3192,0.0,extension
3193,0.0,extension
3194,0.0,extension
3195,0.0,extension
3196,0.0,extension
3197,0.0,extension
3198,0.0,extension
3199,0.0,extension
3200,0.0,extension
3201,0.0,extension
3202,0.0,extension
3203,0.0,extension
3204,0.0,extension
3205,0.0,extension
3206,0.0,extension
3207,0.0,extension
3208,0.0,extension
3209,0.0,extension
3210,0.0,extension
3211,0.0,extension
3212,0.0,extension
3213,0.0,extension
3214,0.0,extension
3215,0.0,extension
3216,0.0,extension
3217,0.0,extension
3218,0.0,extension
3219,0.0,extension
3220,0.0,extension
3221,0.0,extension
3222,0.0,extension
3223,0.0,extension
3224,0.0,extension
3225,0.0,extension
3226,0.0,extension
3227,0.0,extension
3228,0.0,extension
3229,0.0,extension
3230,0.0,extension
3231,0.0,extension
3232,0.0,extension
3233,0.0,extension
3234,0.0,extension
3235,0.0,extension
3236,0.0,extension
3237,0.0,extension
3238,0.0,extension
3239,0.0,extension
3240,0.0,extension
3241,0.0,extension
3242,0.0,extension
3243,0.0,extension
3244,0.0,extension
3245,0.0,extension
3246,0.0,extension
3247,0.0,extension
3248,0.0,extension
3249,0.0,extension
3250,0.0,extension
3251,0.0,extension
3252,0.0,extension
3253,0.0,extension
3254,0.0,extension
3255,0.0,extension
3256,0.0,extension
3257,0.0,extension
3258,0.0,extension
3259,0.0,extension
3260,0.0,extension
3261,0.0,extension
3262,0.0,extension
3263,0.0,extension
3264,0.0,extension
3265,0.0,extension
3266,0.0,extension
3267,0.0,extension
3268,0.0,extension
3269,0.0,extension
3270,0.0,extension
3271,0.0,extension
3272,0.0,extension
3273,0.0,extension
3274,0.0,extension
3275,0.0,extension
3276,0.0,extension
3277,0.0,extension
3278,0.0,extension
3279,0.0,extension
3280,0.0,extension
3281,0.0,extension
3282,0.0,extension
3283,0.0,extension
3284,0.0,extension
3285,0.0,extension
3286,0.0,extension
3287,0.0,extension
3288,0.0,extension
3289,0.0,extension
3290,0.0,extension
3291,0.0,extension
3292,0.0,extension
3293,0.0,extension
3294,0.0,extension
3295,0.0,extension
3296,0.0,extension
3297,0.0,extension
3298,0.0,extension
3299,0.0,extension
3300,0.0,extension
3301,0.0,extension
3302,0.0,extension
3303,0.0,extension
3304,0.0,extension
3305,0.0,extension
3306,0.0,extension
3307,0.0,extension
3308,0.0,extension
3309,0.0,extension
3310,0.0,extension
3311,0.0,extension
3312,0.0,extension
3313,0.0,extension
3314,0.0,extension
3315,0.0,extension
3316,0.0,extension
3317,0.0,extension
3318,0.0,extension
3319,0.0,extension
3320,0.0,extension
3321,0.0,extension
3322,0.0,extension
3323,0.0,extension
3324,0.0,extension
3325,0.0,extension
3326,0.0,extension
3327,0.0,extension
3328,0.0,extension
3329,0.0,extension
3330,0.0,extension
3331,0.0,extension
3332,0.0,extension
3333,0.0,extension
3334,0.0,extension
3335,0.0,extension
3336,0.0,extension
3337,0.0,extension
3338,0.0,extension
3339,0.0,extension
3340,0.0,extension
3341,0.0,extension
3342,0.0,extension
3343,0.0,extension
3344,0.0,extension
3345,0.0,extension
3346,0.0,extension
3347,0.0,extension
3348,0.0,extension
3349,0.0,extension
3350,0.0,extension
3351,0.0,extension
3352,0.0,extension
3353,0.0,extension
3354,0.0,extension
3355,0.0,extension
3356,0.0,extension
3357,0.0,extension
3358,0.0,extension
3359,0.0,extension
3360,0.0,extension
3361,0.0,extension
3362,0.0,extension
3363,0.0,extension
3364,0.0,extension
3365,0.0,extension
3366,0.0,extension
3367,0.0,extension
3368,0.0,extension
3369,0.0,extension
3370,0.0,extension
3371,0.0,extension
3372,0.0,extension
3373,0.0,extension
3374,0.0,extension
3375,0.0,extension
3376,0.0,extension
3377,0.0,extension
3378,0.0,extension
3379,0.0,extension
3380,0.0,extension
3381,0.0,extension
3382,0.0,extension
3383,0.0,extension
3384,0.0,extension
3385,0.0,extension
3386,0.0,extension
3387,0.0,extension
3388,0.0,extension
3389,0.0,extension
3390,0.0,extension
3391,0.0,extension
3392,0.0,extension
3393,0.0,extension
3394,0.0,extension
3395,0.0,extension
3396,0.0,extension
3397,0.0,extension
3398,0.0,extension
3399,0.0,extension
3400,0.0,extension
3401,0.0,extension
3402,0.0,extension
3403,0.0,extension
3404,0.0,extension
3405,0.0,extension
3406,0.0,extension
3407,0.0,extension
3408,0.0,extension
3409,0.0,extension
3410,0.0,extension
3411,0.0,extension
3412,0.0,extension
3413,0.0,extension
3414,0.0,extension
3415,0.0,extension
3416,0.0,extension
3417,0.0,extension
3418,0.0,extension
3419,0.0,extension
3420,0.0,extension
3421,0.0,extension
3422,0.0,extension
3423,0.0,extension
3424,0.0,extension
3425,0.0,extension
3426,0.0,extension
3427,0.0,extension
3428,0.0,extension
3429,0.0,extension
3430,0.0,extension
3431,0.0,extension
3432,0.0,extension
3433,0.0,extension
3434,0.0,extension
3435,0.0,extension
3436,0.0,extension
3437,0.0,extension
3438,0.0,extension
3439,0.0,extension
3440,0.0,extension
3441,0.0,extension
3442,0.0,extension
3443,0.0,extension
3444,0.0,extension
3445,0.0,extension
3446,0.0,extension
3447,0.0,extension
3448,0.0,extension
3449,0.0,extension
3450,0.0,extension
3451,0.0,extension
3452,0.0,extension
3453,0.0,extension
3454,0.0,extension
3455,0.0,extension
3456,0.0,extension
3457,0.0,extension
3458,0.0,extension
3459,0.0,extension
3460,0.0,extension
3461,0.0,extension
3462,0.0,extension
3463,0.0,extension
3464,0.0,extension
3465,0.0,extension
3466,0.0,extension
3467,0.0,extension
3468,0.0,extension
3469,0.0,extension
3470,0.0,extension
3471,0.0,extension
3472,0.0,extension
3473,0.0,extension
3474,0.0,extension
3475,0.0,extension
3476,0.0,extension
3477,0.0,extension
3478,0.0,extension
3479,0.0,extension
3480,0.0,extension
3481,0.0,extension
3482,0.0,extension
3483,0.0,extension
3484,0.0,extension
3485,0.0,extension
3486,0.0,extension
3487,0.0,extension
3488,0.0,extension
3489,0.0,extension
3490,0.0,extension
3491,0.0,extension
3492,0.0,extension
3493,0.0,extension
3494,0.0,extension
3495,0.0,extension
3496,0.0,extension
3497,0.0,extension
3498,0.0,extension
3499,0.0,extension
3500,0.0,extension
3501,0.0,extension
3502,0.0,extension
3503,0.0,extension
3504,0.0,extension
3505,0.0,extension
3506,0.0,extension
3507,0.0,extension
3508,0.0,extension
3509,0.0,extension
3510,0.0,extension
3511,0.0,extension
3512,0.0,extension
3513,0.0,extension
3514,0.0,extension
3515,0.0,extension
3516,0.0,extension
3517,0.0,extension
3518,0.0,extension
3519,0.0,extension
3520,0.0,extension
3521,0.0,extension
3522,0.0,extension
3523,0.0,extension
3524,0.0,extension
3525,0.0,extension
3526,0.0,extension
3527,0.0,extension
3528,0.0,extension
3529,0.0,extension
3530,0.0,extension
3531,0.0,extension
3532,0.0,extension
3533,0.0,extension
3534,0.0,extension
3535,0.0,extension
3536,0.0,extension
3537,0.0,extension
3538,0.0,extension
3539,0.0,extension
3540,0.0,extension
3541,0.0,extension
3542,0.0,extension
3543,0.0,extension
3544,0.0,extension
3545,0.0,extension
3546,0.0,extension
3547,0.0,extension
3548,0.0,extension
3549,0.0,extension
3550,0.0,extension
3551,0.0,extension
3552,0.0,extension
3553,0.0,extension
3554,0.0,extension
3555,0.0,extension
3556,0.0,extension
3557,0.0,extension
3558,0.0,extension
3559,0.0,extension
3560,0.0,extension
3561,0.0,extension
3562,0.0,extension
3563,0.0,extension
3564,0.0,extension
3565,0.0,extension
3566,0.0,extension
3567,0.0,extension
3568,0.0,extension
3569,0.0,extension
3570,0.0,extension
3571,0.0,extension
3572,0.0,extension
3573,0.0,extension
3574,0.0,extension
3575,0.0,extension
3576,0.0,extension
3577,0.0,extension
3578,0.0,extension
3579,0.0,extension
3580,0.0,extension
3581,0.0,extension
3582,0.0,extension
3583,0.0,extension
3584,0.0,extension
3585,0.0,extension
3586,0.0,extension
3587,0.0,extension
3588,0.0,extension
3589,0.0,extension
3590,0.0,extension
3591,0.0,extension
3592,0.0,extension
3593,0.0,extension
3594,0.0,extension
3595,0.0,extension
3596,0.0,extension
3597,0.0,extension
3598,0.0,extension
3599,0.0,extension
3600,0.0,extension
3601,0.0,extension
3602,0.0,extension
3603,0.0,extension
3604,0.0,extension
3605,0.0,extension
3606,0.0,extension
3607,0.0,extension
3608,0.0,extension
3609,0.0,extension
3610,0.0,extension
3611,0.0,extension
3612,0.0,extension
3613,0.0,extension
3614,0.0,extension
3615,0.0,extension
3616,0.0,extension
3617,0.0,extension
3618,0.0,extension
3619,0.0,extension
3620,0.0,extension
3621,0.0,extension
3622,0.0,extension
3623,0.0,extension
3624,0.0,extension
3625,0.0,extension
3626,0.0,extension
3627,0.0,extension
3628,0.0,extension
3629,0.0,extension
3630,0.0,extension
3631,0.0,extension
3632,0.0,extension
3633,0.0,extension
3634,0.0,extension
3635,0.0,extension
3636,0.0,extension
3637,0.0,extension
3638,0.0,extension
3639,0.0,extension
3640,0.0,extension
3641,0.0,extension
3642,0.0,extension
3643,0.0,extension
3644,0.0,extension
3645,0.0,extension
3646,0.0,extension
3647,0.0,extension
3648,0.0,extension
3649,0.0,extension
3650,0.0,extension
3651,0.0,extension
3652,0.0,extension
3653,0.0,extension
3654,0.0,extension
3655,0.0,extension
3656,0.0,extension
3657,0.0,extension
3658,0.0,extension
3659,0.0,extension
3660,0.0,extension
3661,0.0,extension
3662,0.0,extension
3663,0.0,extension
3664,0.0,extension
3665,0.0,extension
3666,0.0,extension
3667,0.0,extension
3668,0.0,extension
3669,0.0,extension
3670,0.0,extension
3671,0.0,extension
3672,0.0,extension
3673,0.0,extension
3674,0.0,extension
3675,0.0,extension
3676,0.0,extension
3677,0.0,extension
3678,0.0,extension
3679,0.0,extension
3680,0.0,extension
3681,0.0,extension
3682,0.0,extension
3683,0.0,extension
3684,0.0,extension
3685,0.0,extension
3686,0.0,extension
3687,0.0,extension
3688,0.0,extension
3689,0.0,extension
3690,0.0,extension
3691,0.0,extension
3692,0.0,extension
3693,0.0,extension
3694,0.0,extension
3695,0.0,extension
3696,0.0,extension
3697,0.0,extension
3698,0.0,extension
3699,0.0,extension
3700,0.0,extension
3701,0.0,extension
3702,0.0,extension
3703,0.0,extension
3704,0.0,extension
3705,0.0,extension
3706,0.0,extension
3707,0.0,extension
3708,0.0,extension
3709,0.0,extension
3710,0.0,extension
3711,0.0,extension
3712,0.0,extension
3713,0.0,extension
3714,0.0,extension
3715,0.0,extension
3716,0.0,extension
3717,0.0,extension
3718,0.0,extension
3719,0.0,extension
3720,0.0,extension
3721,0.0,extension
3722,0.0,extension
3723,0.0,extension
3724,0.0,extension
3725,0.0,extension
3726,0.0,extension
3727,0.0,extension
3728,0.0,extension
3729,0.0,extension
3730,0.0,extension
3731,0.0,extension
3732,0.0,extension
3733,0.0,extension
3734,0.0,extension
3735,0.0,extension
3736,0.0,extension
3737,0.0,extension
3738,0.0,extension
3739,0.0,extension
3740,0.0,extension
3741,0.0,extension
3742,0.0,extension
3743,0.0,extension
3744,0.0,extension
3745,0.0,extension
3746,0.0,extension
3747,0.0,extension
3748,0.0,extension
3749,0.0,extension
3750,0.0,extension
3751,0.0,extension
3752,0.0,extension
3753,0.0,extension
3754,0.0,extension
3755,0.0,extension
3756,0.0,extension
3757,0.0,extension
3758,0.0,extension
3759,0.0,extension
3760,0.0,extension
3761,0.0,extension
3762,0.0,extension
3763,0.0,extension
3764,0.0,extension
3765,0.0,extension
3766,0.0,extension
3767,0.0,extension
3768,0.0,extension
3769,0.0,extension
3770,0.0,extension
3771,0.0,extension
3772,0.0,extension
3773,0.0,extension
3774,0.0,extension
3775,0.0,extension
3776,0.0,extension
3777,0.0,extension
3778,0.0,extension
3779,0.0,extension
3780,0.0,extension
3781,0.0,extension
3782,0.0,extension
3783,0.0,extension
3784,0.0,extension
3785,0.0,extension
3786,0.0,extension
3787,0.0,extension
3788,0.0,extension
3789,0.0,extension
3790,0.0,extension
3791,0.0,extension
3792,0.0,extension
3793,0.0,extension
3794,0.0,extension
3795,0.0,extension
3796,0.0,extension
3797,0.0,extension
3798,0.0,extension
3799,0.0,extension
3800,0.0,extension
3801,0.0,extension
3802,0.0,extension
3803,0.0,extension
3804,0.0,extension
3805,0.0,extension
3806,0.0,extension
3807,0.0,extension
3808,0.0,extension
3809,0.0,extension
3810,0.0,extension
3811,0.0,extension
3812,0.0,extension
3813,0.0,extension
3814,0.0,extension
3815,0.0,extension
3816,0.0,extension
3817,0.0,extension
3818,0.0,extension
3819,0.0,extension
3820,0.0,extension
3821,0.0,extension
3822,0.0,extension
3823,0.0,extension
3824,0.0,extension
3825,0.0,extension
3826,0.0,extension
3827,0.0,extension
3828,0.0,extension
3829,0.0,extension
3830,0.0,extension
3831,0.0,extension
3832,0.0,extension
3833,0.0,extension
3834,0.0,extension
3835,0.0,extension
3836,0.0,extension
3837,0.0,extension
3838,0.0,extension
3839,0.0,extension
3840,0.0,extension
3841,0.0,extension
3842,0.0,extension
3843,0.0,extension
3844,0.0,extension
3845,0.0,extension
3846,0.0,extension
3847,0.0,extension
3848,0.0,extension
3849,0.0,extension
3850,0.0,extension
3851,0.0,extension
3852,0.0,extension
3853,0.0,extension
3854,0.0,extension
3855,0.0,extension
3856,0.0,extension
3857,0.0,extension
3858,0.0,extension
3859,0.0,extension
3860,0.0,extension
3861,0.0,extension
3862,0.0,extension
3863,0.0,extension
3864,0.0,extension
3865,0.0,extension
3866,0.0,extension
3867,0.0,extension
3868,0.0,extension
3869,0.0,extension
3870,0.0,extension
3871,0.0,extension
3872,0.0,extension
3873,0.0,extension
3874,0.0,extension
3875,0.0,extension
3876,0.0,extension
3877,0.0,extension
3878,0.0,extension
3879,0.0,extension
3880,0.0,extension
3881,0.0,extension
3882,0.0,extension
3883,0.0,extension
3884,0.0,extension
3885,0.0,extension
3886,0.0,extension
3887,0.0,extension
3888,0.0,extension
3889,0.0,extension
3890,0.0,extension
3891,0.0,extension
3892,0.0,extension
3893,0.0,extension
3894,0.0,extension
3895,0.0,extension
3896,0.0,extension
3897,0.0,extension
3898,0.0,extension
3899,0.0,extension
3900,0.0,extension
3901,0.0,extension
3902,0.0,extension
3903,0.0,extension
3904,0.0,extension
3905,0.0,extension
3906,0.0,extension
3907,0.0,extension
3908,0.0,extension
3909,0.0,extension
3910,0.0,extension
3911,0.0,extension
3912,0.0,extension
3913,0.0,extension
3914,0.0,extension
3915,0.0,extension
3916,0.0,extension
3917,0.0,extension
3918,0.0,extension
3919,0.0,extension
3920,0.0,extension
3921,0.0,extension
3922,0.0,extension
3923,0.0,extension
3924,0.0,extension
3925,0.0,extension
3926,0.0,extension
3927,0.0,extension
3928,0.0,extension
3929,0.0,extension
3930,0.0,extension
3931,0.0,extension
3932,0.0,extension
3933,0.0,extension
3934,0.0,extension
3935,0.0,extension
3936,0.0,extension
3937,0.0,extension
3938,0.0,extension
3939,0.0,extension
3940,0.0,extension
3941,0.0,extension
3942,0.0,extension
3943,0.0,extension
3944,0.0,extension
3945,0.0,extension
3946,0.0,extension
3947,0.0,extension
3948,0.0,extension
3949,0.0,extension
3950,0.0,extension
3951,0.0,extension
3952,0.0,extension
3953,0.0,extension
3954,0.0,extension
3955,0.0,extension
3956,0.0,extension
3957,0.0,extension
3958,0.0,extension
3959,0.0,extension
3960,0.0,extension
3961,0.0,extension
3962,0.0,extension
3963,0.0,extension
3964,0.0,extension
3965,0.0,extension
3966,0.0,extension
3967,0.0,extension
3968,0.0,extension
3969,0.0,extension
3970,0.0,extension
3971,0.0,extension
3972,0.0,extension
3973,0.0,extension
3974,0.0,extension
3975,0.0,extension
3976,0.0,extension
3977,0.0,extension
3978,0.0,extension
3979,0.0,extension
3980,0.0,extension
3981,0.0,extension
3982,0.0,extension
3983,0.0,extension
3984,0.0,extension
3985,0.0,extension
3986,0.0,extension
3987,0.0,extension
3988,0.0,extension
3989,0.0,extension
3990,0.0,extension
3991,0.0,extension
3992,0.0,extension
3993,0.0,extension
3994,0.0,extension
3995,0.0,extension
3996,0.0,extension
3997,0.0,extension
3998,0.0,extension
3999,0.0,extension
4000,0.0,extension
4001,0.0,extension
4002,0.0,extension
4003,0.0,extension
4004,0.0,extension
4005,0.0,extension
4006,0.0,extension
4007,0.0,extension
4008,0.0,extension
4009,0.0,extension
4010,0.0,extension
4011,0.0,extension
4012,0.0,extension
4013,0.0,extension
4014,0.0,extension
4015,0.0,extension
4016,0.0,extension
4017,0.0,extension
4018,0.0,extension
4019,0.0,extension
4020,0.0,extension
4021,0.0,extension
4022,0.0,extension
4023,0.0,extension
4024,0.0,extension
4025,0.0,extension
4026,0.0,extension
4027,0.0,extension
4028,0.0,extension
4029,0.0,extension
4030,0.0,extension
4031,0.0,extension
4032,0.0,extension
4033,0.0,extension
4034,0.0,extension
4035,0.0,extension
4036,0.0,extension
4037,0.0,extension
4038,0.0,extension
4039,0.0,extension
4040,0.0,extension
4041,0.0,extension
4042,0.0,extension
4043,0.0,extension
4044,0.0,extension
4045,0.0,extension
4046,0.0,extension
4047,0.0,extension
4048,0.0,extension
4049,0.0,extension
4050,0.0,extension
4051,0.0,extension
4052,0.0,extension
4053,0.0,extension
4054,0.0,extension
4055,0.0,extension
4056,0.0,extension
4057,0.0,extension
4058,0.0,extension
4059,0.0,extension
4060,0.0,extension
4061,0.0,extension
4062,0.0,extension
4063,0.0,extension
4064,0.0,extension
4065,0.0,extension
4066,0.0,extension
4067,0.0,extension
4068,0.0,extension
4069,0.0,extension
4070,0.0,extension
4071,0.0,extension
4072,0.0,extension
4073,0.0,extension
4074,0.0,extension
4075,0.0,extension
4076,0.0,extension
4077,0.0,extension
4078,0.0,extension
4079,0.0,extension
4080,0.0,extension
4081,0.0,extension
4082,0.0,extension
4083,0.0,extension
4084,0.0,extension
4085,0.0,extension
4086,0.0,extension
4087,0.0,extension
4088,0.0,extension
4089,0.0,extension
4090,0.0,extension
4091,0.0,extension
4092,0.0,extension
4093,0.0,extension
4094,0.0,extension
4095,0.0,extension
4096,0.0,extension
4097,0.0,extension
4098,0.0,extension
4099,0.0,extension
4100,0.0,extension
4101,0.0,extension
4102,0.0,extension
4103,0.0,extension
4104,0.0,extension
4105,0.0,extension
4106,0.0,extension
4107,0.0,extension
4108,0.0,extension
4109,0.0,extension
4110,0.0,extension
4111,0.0,extension
4112,0.0,extension
4113,0.0,extension
4114,0.0,extension
4115,0.0,extension
4116,0.0,extension
4117,0.0,extension
4118,0.0,extension
4119,0.0,extension
4120,0.0,extension
4121,0.0,extension
4122,0.0,extension
4123,0.0,extension
4124,0.0,extension
4125,0.0,extension
4126,0.0,extension
4127,0.0,extension
4128,0.0,extension
4129,0.0,extension
4130,0.0,extension
4131,0.0,extension
4132,0.0,extension
4133,0.0,extension
4134,0.0,extension
4135,0.0,extension
4136,0.0,extension
4137,0.0,extension
4138,0.0,extension
4139,0.0,extension
4140,0.0,extension
4141,0.0,extension
4142,0.0,extension
4143,0.0,extension
4144,0.0,extension
4145,0.0,extension
4146,0.0,extension
4147,0.0,extension
4148,0.0,extension
4149,0.0,extension
4150,0.0,extension
4151,0.0,extension
4152,0.0,extension
4153,0.0,extension
4154,0.0,extension
4155,0.0,extension
4156,0.0,extension
4157,0.0,extension
4158,0.0,extension
4159,0.0,extension
4160,0.0,extension
4161,0.0,extension
4162,0.0,extension
4163,0.0,extension
4164,0.0,extension
4165,0.0,extension
4166,0.0,extension
4167,0.0,extension
4168,0.0,extension
4169,0.0,extension
4170,0.0,extension
4171,0.0,extension
4172,0.0,extension
4173,0.0,extension
4174,0.0,extension
4175,0.0,extension
4176,0.0,extension
4177,0.0,extension
4178,0.0,extension
4179,0.0,extension
4180,0.0,extension
4181,0.0,extension
4182,0.0,extension
4183,0.0,extension
4184,0.0,extension
4185,0.0,extension
4186,0.0,extension
4187,0.0,extension
4188,0.0,extension
4189,0.0,extension
4190,0.0,extension
4191,0.0,extension
4192,0.0,extension
4193,0.0,extension
4194,0.0,extension
4195,0.0,extension
4196,0.0,extension
4197,0.0,extension
4198,0.0,extension
4199,0.0,extension
4200,0.0,extension
4201,0.0,extension
4202,0.0,extension
4203,0.0,extension
4204,0.0,extension
4205,0.0,extension
4206,0.0,extension
4207,0.0,extension
4208,0.0,extension
4209,0.0,extension
4210,0.0,extension
4211,0.0,extension
4212,0.0,extension
4213,0.0,extension
4214,0.0,extension
4215,0.0,extension
4216,0.0,extension
4217,0.0,extension
4218,0.0,extension
4219,0.0,extension
4220,0.0,extension
4221,0.0,extension
4222,0.0,extension
4223,0.0,extension
4224,0.0,extension
4225,0.0,extension
4226,0.0,extension
4227,0.0,extension
4228,0.0,extension
4229,0.0,extension
4230,0.0,extension
4231,0.0,extension
4232,0.0,extension
4233,0.0,extension
4234,0.0,extension
4235,0.0,extension
4236,0.0,extension
4237,0.0,extension
4238,0.0,extension
4239,0.0,extension
4240,0.0,extension
4241,0.0,extension
4242,0.0,extension
4243,0.0,extension
4244,0.0,extension
4245,0.0,extension
4246,0.0,extension
4247,0.0,extension
4248,0.0,extension
4249,0.0,extension
4250,0.0,extension
4251,0.0,extension
4252,0.0,extension
4253,0.0,extension
4254,0.0,extension
4255,0.0,extension
4256,0.0,extension
4257,0.0,extension
4258,0.0,extension
4259,0.0,extension
4260,0.0,extension
4261,0.0,extension
4262,0.0,extension
4263,0.0,extension
4264,0.0,extension
4265,0.0,extension
4266,0.0,extension
4267,0.0,extension
4268,0.0,extension
4269,0.0,extension
4270,0.0,extension
4271,0.0,extension
4272,0.0,extension
4273,0.0,extension
4274,0.0,extension
4275,0.0,extension
4276,0.0,extension
4277,0.0,extension
4278,0.0,extension
4279,0.0,extension
4280,0.0,extension
4281,0.0,extension
4282,0.0,extension
4283,0.0,extension
4284,0.0,extension
4285,0.0,extension
4286,0.0,extension
4287,0.0,extension
4288,0.0,extension
4289,0.0,extension
4290,0.0,extension
4291,0.0,extension
4292,0.0,extension
4293,0.0,extension
4294,0.0,extension
4295,0.0,extension
4296,0.0,extension
4297,0.0,extension
4298,0.0,extension
4299,0.0,extension
4300,0.0,extension
4301,0.0,extension
4302,0.0,extension
4303,0.0,extension
4304,0.0,extension
4305,0.0,extension
4306,0.0,extension
4307,0.0,extension
4308,0.0,extension
4309,0.0,extension
4310,0.0,extension
4311,0.0,extension
4312,0.0,extension
4313,0.0,extension
4314,0.0,extension
4315,0.0,extension
4316,0.0,extension
4317,0.0,extension
4318,0.0,extension
4319,0.0,extension
4320,0.0,extension
4321,0.0,extension
4322,0.0,extension
4323,0.0,extension
4324,0.0,extension
4325,0.0,extension
4326,0.0,extension
4327,0.0,extension
4328,0.0,extension
4329,0.0,extension
4330,0.0,extension
4331,0.0,extension
4332,0.0,extension
4333,0.0,extension
4334,0.0,extension
4335,0.0,extension
4336,0.0,extension
4337,0.0,extension
4338,0.0,extension
4339,0.0,extension
4340,0.0,extension
4341,0.0,extension
4342,0.0,extension
4343,0.0,extension
4344,0.0,extension
4345,0.0,extension
4346,0.0,extension
4347,0.0,extension
4348,0.0,extension
4349,0.0,extension
4350,0.0,extension
4351,0.0,extension
4352,0.0,extension
4353,0.0,extension
4354,0.0,extension
4355,0.0,extension
4356,0.0,extension
4357,0.0,extension
4358,0.0,extension
4359,0.0,extension
4360,0.0,extension
4361,0.0,extension
4362,0.0,extension
4363,0.0,extension
4364,0.0,extension
4365,0.0,extension
4366,0.0,extension
4367,0.0,extension
4368,0.0,extension
4369,0.0,extension
4370,0.0,extension
4371,0.0,extension
4372,0.0,extension
4373,0.0,extension
4374,0.0,extension
4375,0.0,extension
4376,0.0,extension
4377,0.0,extension
4378,0.0,extension
4379,0.0,extension
4380,0.0,extension
4381,0.0,extension
4382,0.0,extension
4383,0.0,extension
4384,0.0,extension
4385,0.0,extension
4386,0.0,extension
4387,0.0,extension
4388,0.0,extension
4389,0.0,extension
4390,0.0,extension
4391,0.0,extension
4392,0.0,extension
4393,0.0,extension
4394,0.0,extension
4395,0.0,extension
4396,0.0,extension
4397,0.0,extension
4398,0.0,extension
4399,0.0,extension
4400,0.0,extension
4401,0.0,extension
4402,0.0,extension
4403,0.0,extension
4404,0.0,extension
4405,0.0,extension
4406,0.0,extension
4407,0.0,extension
4408,0.0,extension
4409,0.0,extension
4410,0.0,extension
4411,0.0,extension
4412,0.0,extension
4413,0.0,extension
4414,0.0,extension
4415,0.0,extension
4416,0.0,extension
4417,0.0,extension
4418,0.0,extension
4419,0.0,extension
4420,0.0,extension
4421,0.0,extension
4422,0.0,extension
4423,0.0,extension
4424,0.0,extension
4425,0.0,extension
4426,0.0,extension
4427,0.0,extension
4428,0.0,extension
4429,0.0,extension
4430,0.0,extension
4431,0.0,extension
4432,0.0,extension
4433,0.0,extension
4434,0.0,extension
4435,0.0,extension
4436,0.0,extension
4437,0.0,extension
4438,0.0,extension
4439,0.0,extension
4440,0.0,extension
4441,0.0,extension
4442,0.0,extension
4443,0.0,extension
4444,0.0,extension
4445,0.0,extension
4446,0.0,extension
4447,0.0,extension
4448,0.0,extension
4449,0.0,extension
4450,0.0,extension
4451,0.0,extension
4452,0.0,extension
4453,0.0,extension
4454,0.0,extension
4455,0.0,extension
4456,0.0,extension
4457,0.0,extension
4458,0.0,extension
4459,0.0,extension
4460,0.0,extension
4461,0.0,extension
4462,0.0,extension
4463,0.0,extension
4464,0.0,extension
4465,0.0,extension
4466,0.0,extension
4467,0.0,extension
4468,0.0,extension
4469,0.0,extension
4470,0.0,extension
4471,0.0,extension
4472,0.0,extension
4473,0.0,extension
4474,0.0,extension
4475,0.0,extension
4476,0.0,extension
4477,0.0,extension
4478,0.0,extension
4479,0.0,extension
4480,0.0,extension
4481,0.0,extension
4482,0.0,extension
4483,0.0,extension
4484,0.0,extension
4485,0.0,extension
4486,0.0,extension
4487,0.0,extension
4488,0.0,extension
4489,0.0,extension
4490,0.0,extension
4491,0.0,extension
4492,0.0,extension
4493,0.0,extension
4494,0.0,extension
4495,0.0,extension
4496,0.0,extension
4497,0.0,extension
4498,0.0,extension
4499,0.0,extension
4500,0.0,extension
4501,0.0,extension
4502,0.0,extension
4503,0.0,extension
4504,0.0,extension
4505,0.0,extension
4506,0.0,extension
4507,0.0,extension
4508,0.0,extension
4509,0.0,extension
4510,0.0,extension
4511,0.0,extension
4512,0.0,extension
4513,0.0,extension
4514,0.0,extension
4515,0.0,extension
4516,0.0,extension
4517,0.0,extension
4518,0.0,extension
4519,0.0,extension
4520,0.0,extension
4521,0.0,extension
4522,0.0,extension
4523,0.0,extension
4524,0.0,extension
4525,0.0,extension
4526,0.0,extension
4527,0.0,extension
4528,0.0,extension
4529,0.0,extension
4530,0.0,extension
4531,0.0,extension
4532,0.0,extension
4533,0.0,extension
4534,0.0,extension
4535,0.0,extension
4536,0.0,extension
4537,0.0,extension
4538,0.0,extension
4539,0.0,extension
4540,0.0,extension
4541,0.0,extension
4542,0.0,extension
4543,0.0,extension
4544,0.0,extension
4545,0.0,extension
4546,0.0,extension
4547,0.0,extension
4548,0.0,extension
4549,0.0,extension
4550,0.0,extension
4551,0.0,extension
4552,0.0,extension
4553,0.0,extension
4554,0.0,extension
4555,0.0,extension
4556,0.0,extension
4557,0.0,extension
4558,0.0,extension
4559,0.0,extension
4560,0.0,extension
4561,0.0,extension
4562,0.0,extension
4563,0.0,extension
4564,0.0,extension
4565,0.0,extension
4566,0.0,extension
4567,0.0,extension
4568,0.0,extension
4569,0.0,extension
4570,0.0,extension
4571,0.0,extension
4572,0.0,extension
4573,0.0,extension
4574,0.0,extension
4575,0.0,extension
4576,0.0,extension
4577,0.0,extension
4578,0.0,extension
4579,0.0,extension
4580,0.0,extension
4581,0.0,extension
4582,0.0,extension
4583,0.0,extension
4584,0.0,extension
4585,0.0,extension
4586,0.0,extension
4587,0.0,extension
4588,0.0,extension
4589,0.0,extension
4590,0.0,extension
4591,0.0,extension
4592,0.0,extension
4593,0.0,extension
4594,0.0,extension
4595,0.0,extension
4596,0.0,extension
4597,0.0,extension
4598,0.0,extension
4599,0.0,extension
4600,0.0,extension
4601,0.0,extension
4602,0.0,extension
4603,0.0,extension
4604,0.0,extension
4605,0.0,extension
4606,0.0,extension
4607,0.0,extension
4608,0.0,extension
4609,0.0,extension
4610,0.0,extension
4611,0.0,extension
4612,0.0,extension
4613,0.0,extension
4614,0.0,extension
4615,0.0,extension
4616,0.0,extension
4617,0.0,extension
4618,0.0,extension
4619,0.0,extension
4620,0.0,extension
4621,0.0,extension
4622,0.0,extension
4623,0.0,extension
4624,0.0,extension
4625,0.0,extension
4626,0.0,extension
4627,0.0,extension
4628,0.0,extension
4629,0.0,extension
4630,0.0,extension
4631,0.0,extension
4632,0.0,extension
4633,0.0,extension
4634,0.0,extension
4635,0.0,extension
4636,0.0,extension
4637,0.0,extension
4638,0.0,extension
4639,0.0,extension
4640,0.0,extension
4641,0.0,extension
4642,0.0,extension
4643,0.0,extension
4644,0.0,extension
4645,0.0,extension
4646,0.0,extension
4647,0.0,extension
4648,0.0,extension
4649,0.0,extension
4650,0.0,extension
4651,0.0,extension
4652,0.0,extension
4653,0.0,extension
4654,0.0,extension
4655,0.0,extension
4656,0.0,extension
4657,0.0,extension
4658,0.0,extension
4659,0.0,extension
4660,0.0,extension
4661,0.0,extension
4662,0.0,extension
4663,0.0,extension
4664,0.0,extension
4665,0.0,extension
4666,0.0,extension
4667,0.0,extension
4668,0.0,extension
4669,0.0,extension
4670,0.0,extension
4671,0.0,extension
4672,0.0,extension
4673,0.0,extension
4674,0.0,extension
4675,0.0,extension
4676,0.0,extension
4677,0.0,extension
4678,0.0,extension
4679,0.0,extension
4680,0.0,extension
4681,0.0,extension
4682,0.0,extension
4683,0.0,extension
4684,0.0,extension
4685,0.0,extension
4686,0.0,extension
4687,0.0,extension
4688,0.0,extension
4689,0.0,extension
4690,0.0,extension
4691,0.0,extension
4692,0.0,extension
4693,0.0,extension
4694,0.0,extension
4695,0.0,extension
4696,0.0,extension
4697,0.0,extension
4698,0.0,extension
4699,0.0,extension
4700,0.0,extension
4701,0.0,extension
4702,0.0,extension
4703,0.0,extension
4704,0.0,extension
4705,0.0,extension
4706,0.0,extension
4707,0.0,extension
4708,0.0,extension
4709,0.0,extension
4710,0.0,extension
4711,0.0,extension
4712,0.0,extension
4713,0.0,extension
4714,0.0,extension
4715,0.0,extension
4716,0.0,extension
4717,0.0,extension
4718,0.0,extension
4719,0.0,extension
4720,0.0,extension
4721,0.0,extension
4722,0.0,extension
4723,0.0,extension
4724,0.0,extension
4725,0.0,extension
4726,0.0,extension
4727,0.0,extension
4728,0.0,extension
4729,0.0,extension
4730,0.0,extension
4731,0.0,extension
4732,0.0,extension
4733,0.0,extension
4734,0.0,extension
4735,0.0,extension
4736,0.0,extension
4737,0.0,extension
4738,0.0,extension
4739,0.0,extension
4740,0.0,extension
4741,0.0,extension
4742,0.0,extension
4743,0.0,extension
4744,0.0,extension
4745,0.0,extension
4746,0.0,extension
4747,0.0,extension
4748,0.0,extension
4749,0.0,extension
4750,0.0,extension
4751,0.0,extension
4752,0.0,extension
4753,0.0,extension
4754,0.0,extension
4755,0.0,extension
4756,0.0,extension
4757,0.0,extension
4758,0.0,extension
4759,0.0,extension
4760,0.0,extension
4761,0.0,extension
4762,0.0,extension
4763,0.0,extension
4764,0.0,extension
4765,0.0,extension
4766,0.0,extension
4767,0.0,extension
4768,0.0,extension
4769,0.0,extension
4770,0.0,extension
4771,0.0,extension
4772,0.0,extension
4773,0.0,extension
4774,0.0,extension
4775,0.0,extension
4776,0.0,extension
4777,0.0,extension
4778,0.0,extension
4779,0.0,extension
4780,0.0,extension
4781,0.0,extension
4782,0.0,extension
4783,0.0,extension
4784,0.0,extension
4785,0.0,extension
4786,0.0,extension
4787,0.0,extension
4788,0.0,extension
4789,0.0,extension
4790,0.0,extension
4791,0.0,extension
4792,0.0,extension
4793,0.0,extension
4794,0.0,extension
4795,0.0,extension
4796,0.0,extension
4797,0.0,extension
4798,0.0,extension
4799,0.0,extension
4800,0.0,extension
4801,0.0,extension
4802,0.0,extension
4803,0.0,extension
4804,0.0,extension
4805,0.0,extension
4806,0.0,extension
4807,0.0,extension
4808,0.0,extension
4809,0.0,extension
4810,0.0,extension
4811,0.0,extension
4812,0.0,extension
4813,0.0,extension
4814,0.0,extension
4815,0.0,extension
4816,0.0,extension
4817,0.0,extension
4818,0.0,extension
4819,0.0,extension
4820,0.0,extension
4821,0.0,extension
4822,0.0,extension
4823,0.0,extension
4824,0.0,extension
4825,0.0,extension
4826,0.0,extension
4827,0.0,extension
4828,0.0,extension
4829,0.0,extension
4830,0.0,extension
4831,0.0,extension
4832,0.0,extension
4833,0.0,extension
4834,0.0,extension
4835,0.0,extension
4836,0.0,extension
4837,0.0,extension
4838,0.0,extension
4839,0.0,extension
4840,0.0,extension
4841,0.0,extension
4842,0.0,extension
4843,0.0,extension
4844,0.0,extension
4845,0.0,extension
4846,0.0,extension
4847,0.0,extension
4848,0.0,extension
4849,0.0,extension
4850,0.0,extension
4851,0.0,extension
4852,0.0,extension
4853,0.0,extension
4854,0.0,extension
4855,0.0,extension
4856,0.0,extension
4857,0.0,extension
4858,0.0,extension
4859,0.0,extension
4860,0.0,extension
4861,0.0,extension
4862,0.0,extension
4863,0.0,extension
4864,0.0,extension
4865,0.0,extension
4866,0.0,extension
4867,0.0,extension
4868,0.0,extension
4869,0.0,extension
4870,0.0,extension
4871,0.0,extension
4872,0.0,extension
4873,0.0,extension
4874,0.0,extension
4875,0.0,extension
4876,0.0,extension
4877,0.0,extension
4878,0.0,extension
4879,0.0,extension
4880,0.0,extension
4881,0.0,extension
4882,0.0,extension
4883,0.0,extension
4884,0.0,extension
4885,0.0,extension
4886,0.0,extension
4887,0.0,extension
4888,0.0,extension
4889,0.0,extension
4890,0.0,extension
4891,0.0,extension
4892,0.0,extension
4893,0.0,extension
4894,0.0,extension
4895,0.0,extension
4896,0.0,extension
4897,0.0,extension
4898,0.0,extension
4899,0.0,extension
4900,0.0,extension
4901,0.0,extension
4902,0.0,extension
4903,0.0,extension
4904,0.0,extension
4905,0.0,extension
4906,0.0,extension
4907,0.0,extension
4908,0.0,extension
4909,0.0,extension
4910,0.0,extension
4911,0.0,extension
4912,0.0,extension
4913,0.0,extension
4914,0.0,extension
4915,0.0,extension
4916,0.0,extension
4917,0.0,extension
4918,0.0,extension
4919,0.0,extension
4920,0.0,extension
4921,0.0,extension
4922,0.0,extension
4923,0.0,extension
4924,0.0,extension
4925,0.0,extension
4926,0.0,extension
4927,0.0,extension
4928,0.0,extension
4929,0.0,extension
4930,0.0,extension
4931,0.0,extension
4932,0.0,extension
4933,0.0,extension
4934,0.0,extension
4935,0.0,extension
4936,0.0,extension
4937,0.0,extension
4938,0.0,extension
4939,0.0,extension
4940,0.0,extension
4941,0.0,extension
4942,0.0,extension
4943,0.0,extension
4944,0.0,extension
4945,0.0,extension
4946,0.0,extension
4947,0.0,extension
4948,0.0,extension
4949,0.0,extension
4950,0.0,extension
4951,0.0,extension
4952,0.0,extension
4953,0.0,extension
4954,0.0,extension
4955,0.0,extension
4956,0.0,extension
4957,0.0,extension
4958,0.0,extension
4959,0.0,extension
4960,0.0,extension
4961,0.0,extension
4962,0.0,extension
4963,0.0,extension
4964,0.0,extension
4965,0.0,extension
4966,0.0,extension
4967,0.0,extension
4968,0.0,extension
4969,0.0,extension
4970,0.0,extension
4971,0.0,extension
4972,0.0,extension
4973,0.0,extension
4974,0.0,extension
4975,0.0,extension
4976,0.0,extension
4977,0.0,extension
4978,0.0,extension
4979,0.0,extension
4980,0.0,extension
4981,0.0,extension
4982,0.0,extension
4983,0.0,extension
4984,0.0,extension
4985,0.0,extension
4986,0.0,extension
4987,0.0,extension
4988,0.0,extension
4989,0.0,extension
4990,0.0,extension
4991,0.0,extension
4992,0.0,extension
4993,0.0,extension
4994,0.0,extension
4995,0.0,extension
4996,0.0,extension
4997,0.0,extension
4998,0.0,extension
4999,0.0,extension
